"word_from","ar","de","es","fr","it","ja","ko","pt"
"1 teacher per student","معلم واحد لكل طالب","1 Lehrer pro Schüler","1 profesor por estudiante","1 enseignant par élève","1 insegnante per studente","生徒一人に対して教師一人","학생 1명당 교사 1명","1 professor por aluno"
"10 - 20 min. by bus to CEL","20 دقيقة عن طريق الباص الى المدرسه CEL","10 - 20 Minuten Busfahrt zu CEL","10 - 20 min en bus de CEL","10 - 20 min. en bus jusqu'au CEL","10 - 20 minuti dal CEL","CELまでバスで10-20分","CEL까지10- 20분","10 - 20 minutos de ônibus até a CEL"
"10 min. walk to CEL","10 دقيقة مشيا الى المدرسة CEL","10 Minuten zu Fuss zu CEL","10 min a pie de CEL","À 10 minutes à pied du CEL","10 minuti a piedi dal CEL","CELまで徒歩10分","CEL까지 도보 10분","10 minutos andando até a CEL"
"16 min. walk to CEL","16 دقيقة مشيا الى المدرسة CEL","16 Minuten zu Fuss zu CEL","16 min andando de CEL","À 16 minutes à pied du CEL","16 minuti a piedi dal CEL","CELまで徒歩16分","CEL까지 도보 16분","16 minutos andando até a CEL"
"16+ years","الحد الأدنى للعمر هو 16 سنة","Ab 16 Jahren","16 años +","Âge minimum : 16 ans","Età minima: 16 anni","最少年齢:16歳","16세 이상","Idade mínima: 16 anos"
"18 + years","أكثر من 18 عامًا","Ab 18 Jahre","A partir de 18 años","Plus de 18 ans","Oltre 18 anni","18歳以上","18세 이상","Mais de 18 anos"
"20 min. by bus to CEL","20 دقيقة عن طريق الباص الى المدرسه CEL","20 Minuten Busfahrt zu CEL","20 min en bus de CEL","20 min. en bus jusqu'au CEL","20 minuti dal CEL","CELまでバスで20分","CEL까지 20분","20 minutos de ônibus até a CEL"
"25 min. by bus to CEL","25 دقيقة عن طريق الباص الى المدرسه CEL","25 Minuten Busfahrt zu CEL","25 min en bus de CEL","25 min. en bus jusqu'au CEL","25 minuti dal CEL","CELまでバスで25分","CEL까지 25분","25 minutos de ônibus até a CEL"
"25 min. walk to CEL","25 دقيقة مشيا الى المدرسة CEL","25 Minuten zu Fuss zu CEL","25 min a pie de CEL","À 25 minutes à pied du CEL","25 minuti a piedi dal CEL","CELまで徒歩25分","CEL까지 도보 25분","25 minutos andando até a CEL"
"30 - 45 min. by bus to CEL","30-45 دقيقة عن طريق الباص الى المدرسه CEL","30 - 45 Minuten Busfahrt zu CEL","30 - 45 min en bus de CEL","De 30 à 45 min. en bus jusqu'au CEL","30-45 minuti dal CEL","CELまでバスで30-45分","CEL까지 30-45분","30-45 minutos de ônibus até a CEL"
"30 - 75 min. by bus to CEL","30-75 دقيقة عن طريق الباص الى المدرسه CEL","30 - 75 Minuten Busfahrt zu CEL","30-75 min en bus de CEL","De 30 à 75 min. en bus jusqu'au CEL","30-75 minuti dal CEL","CELまでバスで30-75分","CEL까지 버스 30-75분","30 - 75 minutos de ônibus até a CEL"
"30 Min. by Bus to CEL","30 دقيقة في الباص الى المعهد CEL","30 Minuten Busfahrt zu CEL","30 min en bus de CEL","30 minutes en bus jusqu'au CEL","30 minuti di bus dal CEL","CELまでバスで30分","CEL까지 30분","30 minutos de ônibus até a CEL"
"30 min. by bus to CEL","30 دقيقة عن طريق الباص الى المدرسه CEL","30 Minuten Busfahrt zu CEL","30 min en bus de CEL","30 min. en bus jusqu'au CEL","30 minuti dal CEL","CELまでバスで30分","CEL까지 30분","30 minutos de ônibus até a CEL"
"30 min. walk to CEL","30 دقيقة مشيا الى المدرسة CEL","30 Minuten zu Fuss zu CEL","30 min andando de CEL","À 30 minutes à pied du CEL","30 minuti a piedi dal CEL","CELまで徒歩30分","CEL까지 도보 30분","30 minutos andando até a CEL"
"30-75 min. by bus to CEL","30-75 دقيقة عن طريق الباص الى المدرسه CEL","30-75 Minuten Busfahrt zu CEL","30-75 min en bus de CEL","De 30 à 75 min. en bus jusqu'au CEL","30-75 minuti dal CEL","CELまでバスで30-75分","CEL까지 버스로 30-75분","30-75 minutos de ônibus até a CEL"
"30-75 min. by bus to EC","30-75 دقيقة عن طريق الباص الى المدرسه EC","","","De 30 à 75 min. en bus jusqu'au EC","30-75 minuti dal EC","ECまでバスで30-75分","EC까지 버스 30-75분","35-75 minutos de ônibus até a EC"
"35 min. by bus to CEL","35 دقيقة في الباص الى المعهد CEL","35 Minuten Busfahrt zu CEL","35 min en bus de CEL","35 minutes en bus jusqu'au CEL","35 minuti di bus dal CEL","CELまでバスで35分","CEL까지 버스로 35분","35 minutos de ônibus até a CEL"
"4 hours of Surfing per Week","4 ساعات لحصص اضافيه في الاسبوع","","4 horas de surf a la semana","4 leçons de surf par semaine","4 ore di surf/settimana","サーフィン 4時間/週","서핑수업 4시간/주","4 horas de surf por semana"
"4 sessions/year","4 فصول بالسنه","4 Termine pro Jahr","4 sesiones al año","4 sessions par an","4 sessioni all'anno","4セッション/年","연간 4회 세션","4 sessões por ano"
"Academic English for college success","","Akademisches Englisch als Vorbereitung","","","","大学成功のためのアカデミック英語","",""
"Add a highlight to your CV","التركيز والاضافه في السيرة الذاتية","Absolutes Highlight im Lebenslauf","Mejora tu currículum","Ajoutez un point fort à votre CV","Aggiungi un punto di forza al tuo CV","履歴書を目立たせる","이력서에 도움되는 경험 쌓기","Destaque seu currículo"
"Ages 18 and older","الحد الأدنى للعمر هو 18 سنة","Ab 18 Jahren","18 años +","Âge minimum : 18 ans","Età minima: 18 anni","最少年齢:18歳","최소 연령: 18세","Idade mínima: 18 anos"
"All levels from Basic to Advanced","جميع المستويات من الأساسي الى المتقدم","Alle Sprachniveaus","Todos los niveles: básico a avanzado","Tous niveaux, du débutant à avancé","Tutti i livelli da base ad avanzato","初級から上級まで、全レベルに対応","기초부터 고급까지 모든 수준의 강좌","Todos os níveis: básico - avançado"
"All levels from basic to advanced","جميع المستويات من الأساسي الى المتقدم","Alle Sprachniveaus","Todos los niveles: básico a avanzado","Tous niveaux, du débutant à avancé","Tutti i livelli da base ad avanzato","基礎から高等レベルまであり","기초부터 고급까지 모든 수준의 강좌","Todos os níveis: do básico ao avançado"
"Amenities","مرافق","Ausstattung","Servicios","Équipements","Servizi","設備","편의시설","Comodidades"
"Apartment Amenities","وسائل الراحة في الشقة","Apartment Ausstattung","Apartment amenities","Équipements de l'appartement","Servizi dell'appartamento","アパートの設備","아파트 내 복합 문화공간","Comodidades do apartamento"
"Apartment Complex Amenities","مرافق مجمع الشقق","Ausstattung Apartmentanlage","Complex amenities","Commodités du complexe d'appartements","Servizi del complesso di appartamenti","集合住宅のアメニティ","아파트 내 복합 문화공간","Comodidades do complexo de apartamentos"
"Apartment Premium","","","Apartamento Premium","","","","",""
"Available in different fields","تطوع متاح في مختلف المجالات","Sozialarbeit & Umweltschutz","Disponible en diferentes campos","Disponible dans différents domaines","Disponibile in diversi ambiti","異なる分野","다양한 분야 체험 가능","Disponível em diferentes áreas"
"Breakfast or breakfast & dinner","فطور فقط او فطور وعشاء","","","Petit-déjeuner ou demi-pension","Colazione o colazione e cena","朝食のみか朝食と夕食","아침 또는 아침 & 저녁","Café da manhã ou meia-pensão"
"Build career-ready skills","اكتسب مهارات مهنية مهمة","Gewinne Karrierekompetenzen","Adquiere habilidades profesionales","Compétences clés pour votre carrière","Acquisisci competenze professionali","キャリアに役立つスキルを身につける","커리어에 필요한 역량 강화","Competências para a carreira"
"Business Certificate 23 - BE20+GE3","Business Certificate 23 - BE20 + GE3","Business Certificate 23 - BE20 + GE3","Business Certificate 23 - BE20 + GE3","Business Certificate 23 - BE20 + GE3","Business Certificate 23 - BE20 + GE3","Business Certificate 23 - BE20 + GE3","Business Certificate 23 - BE20 + GE3","Business Certificate 23 - BE20 + GE3"
"Business Certificate 24 - BE20+GE4","Business Certificate 24 - BE20 + GE4","Business Certificate 24 - BE20 + GE4","Business Certificate 24 - BE20 + GE4","Business Certificate 24 - BE20 + GE4","Business Certificate 24 - BE20 + GE4","Business Certificate 24 - BE20 + GE4","Business Certificate 24 - BE20 + GE4","Business Certificate 24 - BE20 + GE4"
"Business Certificate 28 - BE20+GE8","Business Certificate 28 - BE20 + GE8","Business Certificate 28 - BE20 + GE8","Business Certificate 28 - BE20 + GE8","Business Certificate 28 - BE20 + GE8","Business Certificate 28 - BE20 + GE8","Business Certificate 28 - BE20 + GE8","Business Certificate 28 - BE20 + GE8","Business Certificate 28 - BE20 + GE8"
"Business, AI, Project Management","ريادة الأعمال، الذكاء الاصطناعي، التواصل،","Business, KI, Projektmanagement","Negocios, IA, Gestión de Proyectos","Entrepreneuriat, IA et Projets","Imprenditorialità, IA e Progetti","ビジネス、AI、プロジェクト管理","창업, AI, 커뮤니케이션, 프로젝트","Empreendedorismo, IA e Gestão"
"Business, Hospitality, Sales & Marketing. IT & Web Design, Non-Profit","","","Negocios, hostelería, ventas y marketing. informática y diseño, orgqanizaciones sin fines de lucro","","","","",""
"CEL Shared Apartment Premium","","CEL WG Premium","CEL Apartamento compartido Premium","","","","",""
"CEL Shared Apartment Premium Beach","","CEL WG Premium Strand","CEL Apartamento Comp. Premium Beach","","","","",""
"CEL Shared Apartment Standard","","CEL WG Standard","CEL Apartamento compartido Estándar","","","","",""
"CEL Shared Apartment Superior Pacific Beach","","CEL WG Superior Pacific Beach","CEL Apartamento Compartido Superior PB","","","","",""
"Cambridge Exam","","Cambridge Vorbereitung","Preparación Cambridge","","","","",""
"Cambridge Exam Preparation 23 - GE20+CAE3","Cambridge Exam Preparation GE20+CAE3","Cambridge Exam Preparation GE20+CAE3","Cambridge Exam Preparation GE20+CAE3","Cambridge Exam Preparation GE20+CAE3","Cambridge Exam Preparation GE20+CAE3","Cambridge Exam Preparation GE20+CAE3","Cambridge Exam Preparation GE20+CAE3","Cambridge Exam Preparation GE20+CAE3"
"Cambridge Exam Preparation 24 - GE20+CAE4","Cambridge Exam Preparation GE20+CAE4","Cambridge Exam Preparation GE20+CAE4","Cambridge Exam Preparation GE20+CAE4","Cambridge Exam Preparation GE20+CAE4","Cambridge Exam Preparation GE20+CAE4","Cambridge Exam Preparation GE20+CAE4","Cambridge Exam Preparation GE20+CAE4","Cambridge Exam Preparation GE20+CAE4"
"Cambridge Exam Preparation 28 - GE24+CAE4","Cambridge Exam Preparation GE24+CAE4","Cambridge Exam Preparation GE24+CAE4","Cambridge Exam Preparation GE24+CAE4","Cambridge Exam Preparation GE24+CAE4","Cambridge Exam Preparation GE24+CAE4","Cambridge Exam Preparation GE24+CAE4","Cambridge Exam Preparation GE24+CAE4","Cambridge Exam Preparation GE24+CAE4"
"Can be combined with other courses","حصص شخصية يمكن دمجها مع الفئات الاخرى","","","Peut être combiné avec d'autres cours","Prenotabile con qualsiasi corso","他のコースと組み合わせ可能","다른 수업과 추가하여 학습 가능","Reservável além do curso em grupo"
"Check-in","","Check-in Prozess","Regístrese","Enregistrement","","","체크인",""
"Cleaning, Bedding, Towels and more","تنظيف","Reinigung, Bettwäsche, Handtücher","Limpieza","Nettoyage, literie et serviettes","Pulizia","清掃、寝具","청소","Limpeza, roupa de cama e toalhas"
"Designated academic advisor","دعم اكاديمي اضافي","Unterstützung durch Mentor","Soporte académico adicional","Soutien académique supplémentaire","Supporto Accademico Aggiuntivo","追加の学問のサポート","추가적인 학업 지원","Apoio Acadêmico Adicional"
"Develop career-ready skills in AI, business, and management for today’s global workplace.","طوّر مهارات جاهزة للمسار المهني في الذكاء الاصطناعي والأعمال والإدارة لتواكب بيئة العمل العالمية اليوم.","Entwickle berufsrelevante Fähigkeiten in KI, Business und Management für die heutige globale Arbeitswelt.","Desarrolla habilidades profesionales en inteligencia artificial, negocios y gestión para el entorno laboral global actual.","Développez des compétences professionnelles en IA, en affaires et en gestion pour le monde du travail global d’aujourd’hui.","Sviluppa competenze professionali in intelligenza artificiale, business e management per il mondo del lavoro globale di oggi.","現代のグローバルな職場で活躍するために、AI、ビジネス、マネジメントのキャリア対応スキルを身につけましょう。","오늘날의 글로벌 직장에서 성공하기 위해 AI, 비즈니스 및 경영 분야의 실무 역량을 개발하세요.","Desenvolva habilidades profissionais em IA, negócios e gestão para o ambiente de trabalho global de hoje."
"Distance","المسافة","Entfernung","Distancia","","Distanza","距離","거리","Distância"
"Do good, feel good!","عمل جيد , شعور جيد","Engagiere Dich und bewirke Gutes!","Haz el bien, siéntete bien","Fais le bien, sens-toi bien!","Fai del bene, sentiti bene","良いことをすると、気分がいい！","함께 하면 기쁨이 두 배 !","Faça o bem, se sinta bem"
"Elective class","دورة اختياريه","Zusatzklasse","Clases de libre eleccion","Cours facultatif","Corso elettivo","選択授業","선택 수업 가능","Aula eletiva"
"English Plus Surfing","","English Plus Wellenreiten","","","","","",""
"English Plus TOEFL Exam Preparation","English Plus TOEFL Exam","English Plus TOEFL Exam","English Plus TOEFL Exam","English Plus TOEFL Exam","English Plus TOEFL Exam","English Plus TOEFL Exam","English Plus TOEFL Exam","English Plus TOEFL Exam"
"Enhance your English while working","تعزيز لغتك الإنجليزية أثناء العمل","Arbeite und verbessere dein English.","Mejora tu inglés mientras trabajas","Améliore ton anglais travaillant","Pratica il tuo inglese al lavoro","働くことによって英語を上達させる","비즈니스 영어 습득하기","Melhore seu inglês no trabalho"
"For all English and for all surf levels","","Für alle Englisch- und Surfniveaus","Para todos los niveles de inglés y de surf","Pour tous les niveaux d'anglais et de surf","Per tutti i livelli di inglese e di surf","","","Para todos os níveis de inglês e surfe"
"Free Wi-Fi","English","Kostenloses WLAN","Wifi gratis","Wi-Fi gratuit","Wi-Fi gratuito","","무료 Wi-Fi","Wi-Fi grátis"
"Free Wi-Fi, Rooftop terrace with BBQ area","واي فاي مجاني، تراس على السطح مع منطقة شواء","Kostenloses WLAN, Dachterrasse mit Grillbereich","Wi-Fi gratis, terraza en la azotea con área de barbacoa","Wi-Fi gratuit, terrasse sur le toit avec espace barbecue","Wi-Fi gratuito, terrazza sul tetto con area barbecue","無料Wi-Fi、屋上テラスとバーベキューエリア","무료 와이파이, 루프탑 테라스와 바비큐 공간","Wi-Fi gratuito, terraço na cobertura com área de churrasqueira"
"Free Wi-Fi, TV per bedroom, full kitchen with dishwasher, no common space","","Fernseher pro Schlafzimmer, Küche, kein Gemeinschaftsraum","Wi-Fi gratis, TV por habitación, cocina totalmente equipada con lavavajillas, sin espacio común","","","","무료 Wi-Fi, 침실 당 TV, 식기 세척기가 구비된 풀 주방, 공용 공간 없음",""
"Free Wi-Fi, full kitchen with dishwasher","","Kostenloses WLAN, vollausgestattete Küche mit Spülmaschine","Wi-Fi gratis, cocina totalmente equipada con lavavajillas","","","","무료 Wi-Fi, 식기 세척기가 구비된 풀 주방",""
"From $330 per week","يبدا من 330 الاسبوع","","","À partir de 330$ par semaine","A partire da $330/settimana","$330/週 から","$330/주 부터","A partir de $330 por semana"
"From $350/Week","From $350/week","Ab $350/Woche","De $350/Semana","À partir de $350/semaine","A partire da $350/week","From $350/week","From $350/week","A partir de $350/week"
"From $390/Week","From $390/week","Ab $390/Woche","De $390/Semana","À partir de $390/semaine","A partire da $390/week","From $390/week","From $390/week","A partir de $390/week"
"From $400/Week","From $400/week","Ab $400/Woche","De $400/Semana","À partir de $400/semaine","A partire da $400/week","From $400/week","From $400/week","A partir de $400/week"
"From $460/Week","From $460/week","Ab $460/Woche","De $460/Semana","À partir de $460/semaine","A partire da $460/week","From $460/week","From $460/week","A partir de $460/week"
"From $550/Week","From $550/week","Ab $550/Woche","De $550/Semana","À partir de $550/semaine","A partire da $550/week","From $550/week","From $550/week","A partir de $550/week"
"From $999,999/Week","From $999,999/week","Ab $999,999/Woche","De $999,999/Semana","À partir de $999,999/semaine","A partire da $999,999/week","From $999,999/week","From $999,999/week","A partir de $999,999/week"
"From CA$240 per week","يبدا من 240الاسبوع","","","À partir de 240 CA$ par semaine","A partire da CA$240 /settimana","CA$240 /週 から","CA$240 /주 부터","A partir de CA$240 por semana"
"From CA$350 per week","يبدا من 350الاسبوع","Ab CA$350pro Woche","A partir de CA$350 por semana","À partir de 350 CA$ par semaine","A partire da CA$350 /settimana","CA$350 /週 から","CA$350 /주 부터","A partir de CA$350 por semana"
"From CA$430 per week","يبدا من 430الاسبوع","Ab CA$430 pro Woche","A partir de CA$430 por semana","À partir de 430 CA$ par semaine","A partire da CA$430 /settimana","CA$430 /週 から","CA$430 /주 부터","A partir de CA$430 por semana"
"From CA$440 per week","يبدا من 440الاسبوع","Ab CA$440 pro Woche","A partir de CA$440 por semana","À partir de 440 CA$ par semaine","A partire da CA$440 /settimana","CA$440 /週 から","CA$440 /주 부터","A partir de CA$440 por semana"
"From CA$475 per week","يبدا من 475الاسبوع","Ab CA$475 pro Woche","A partir de CA$475 por semana","À partir de 475 CA$ par semaine","A partire da CA$475 /settimana","CA$475 /週 から","CA$475 /주 부터","A partir de CA$475 por semana"
"From CA$580 per week","يبدا من 580الاسبوع","Ab CA$580 pro Woche","A partir de CA$580 por semana","À partir de 580 CA$ par semaine","A partire da CA$580 /settimana","CA$580 /週 から","CA$580 /주 부터","A partir de CA$580 por semana"
"Full focus on your needs","التركيز الكامل على احتياجاتك","Voller Fokus auf deine Bedürfnisse","Céntrate en tus necesidades","Concentration totale sur tes besoins","Massima attenzione alle tue esigenze","学生の要求を重点的に取り扱う","학생 맞춤화 교육 진행","Foco total nas suas necessidades"
"Full kitchen, fitness room, BBQ, yoga room","Full kitchen with dishwasher, fitness room, BBQ, yoga room","Gemeinschaftsküche, Fitnessraum, Grillbereich, Yogabereich","Cocina totalmente equipada con lavavajillas, gimnasio, BBQ, y sala de yoga","Full kitchen with dishwasher, fitness room, BBQ, yoga room","Full kitchen with dishwasher, fitness room, BBQ, yoga room","Full kitchen with dishwasher, fitness room, BBQ, yoga room","Full kitchen with dishwasher, fitness room, BBQ, yoga room","Full kitchen with dishwasher, fitness room, BBQ, yoga room"
"Gain relevant experience","اكتساب الخبرة ذات الصلة","Sammle Berufserfahrung","Gana experiencia relevante","Acquiers une expérience pertinente","Migliora l'inglese e fai esperienza","英語上達に関する経験を積む","영어 실력 향상과 관련된 경험 쌓기","Ganhe experiência relevante"
"General English 20 & Surfing","الإنكليزية العامة المكثفة وركوب الأمواج (20 + 4)","English & Surfen (20 Lektionen Englisch + 4 Lektionen Surfen/Woche)","","General English Intensive & Surfing (20 + 4)","General English Intensive & Surfing (20 + 4)","General English Intensive & Surfing (20 + 4)","General English Intensive & Surfing (20 + 4)","General English Intensive & Surfing (20 + 4)"
"General English 24 & Surfing","الإنكليزية العامة المكثفة بشكل زائد وركوب الأمواج (24 + 4)","English & Surfen (24 Lektionen Englisch + 4 Lektionen Surfen/Woche)","","General English Intensive Plus & Surfing (24 + 4)","General English Intensive Plus & Surfing (24 + 4)","General English Intensive Plus & Surfing (24 + 4)","General English Intensive Plus & Surfing (24 + 4)","General English Intensive Plus & Surfing (24 + 4)"
"General English 28 & Surfing","الإنكليزية العامة المكثفة بشكل زائد وركوب الأمواج (28 + 4)","English & Surfen (28 Lektionen Englisch + 4 Lektionen Surfen/Woche)","","","","","",""
"General Information","معلومات عامة","Allgemeine Informationen","Información general","Informations générales","Informazioni generali","一般情報","일반 정보","Informações gerais"
"Homestay","","Gastfamilie","Familia anfitriona","","","","",""
"IELTS Preparation","","IELTS Vorbereitung","Preparación IELTS","","","","",""
"Ideal For You","مثالي لك","Ideal für dich","Ideal para ti","Idéal pour toi","Ideale per te","あなたに理想的","","Ideal para você."
"Improve your overall English fluency while developing strong academic communication and writing skills","حسّن طلاقتك العامة في اللغة الإنجليزية أثناء تطوير مهارات قوية في التواصل والكتابة الأكاديمية.","Verbessere deine allgemeine Englischflüssigkeit und entwickle starke akademische Kommunikations- und Schreibfähigkeiten.","Mejora tu fluidez general en inglés mientras desarrollas sólidas habilidades de comunicación y escritura académica.","Améliorez votre aisance générale en anglais tout en développant de solides compétences en communication et en rédaction académiques.","Migliora la tua fluidità generale in inglese sviluppando solide competenze di comunicazione e scrittura accademica.","英語の総合的な流暢さを高めながら、学術的なコミュニケーション力と文章力を伸ばしましょう。","영어 전반의 유창성을 향상시키면서 학문적인 의사소통 및 글쓰기 능력을 강화하세요.","Melhore sua fluência geral em inglês enquanto desenvolve fortes habilidades de comunicação e escrita acadêmica."
"Location","الموقع","Lage","Sitio","Emplacement","Posizione","場所","위치","Localização"
"Managed by CEL","تحت إدارة CEL","","Gestionado por CEL","Géré par le CEL","Gestito dal CEL","CELが管理しています","CEL에 의해 운영됨","Operado pela CEL"
"Max. 35 min by bus to CEL","35 دقيقة في الباص الى المعهد CEL","35 Minuten Busfahrt zu CEL","Máx. 35 min en bus de CEL","35 minutes en bus jusqu'au CEL","35 minuti di bus dal CEL","CELまでバスで35分","CEL까지 버스로 35분","35 minutos de ônibus até a CEL"
"Minimum age is 17 years","الحد الأدنى للعمر هو 17 سنة","Ab 17 Jahren","Edad mínima: 17 años","Âge minimum : 17 ans","Età minima: 17 anni","最少年齢:17歳","최소 연령: 17세","Idade mínima: 17 anos"
"Minimum age is 18 years","الحد الأدنى للعمر هو 18 سنة","Ab 18 Jahren","Edad mínima: 18 años","Âge minimum : 18 ans","Età minima: 18 anni","最少年齢:18歳","최소 연령: 18세","Idade mínima: 18 anos"
"Most families provide Wifi","توفر معظم العائلات خدمة الواي فاي المجانية","Fast alle Familien bieten kostenloses WLAN","La mayoría de familias ofrecen Wi-fi gratis","La plupart des familles offrent le Wi-Fi gratuit","La maggior parte delle famiglie offre Wi-Fi gratuito","ほとんどの家族がfree Wi-Fi有り","대부분의 호스트 가족들은 무료 Wi-Fi를 제공","A maioria das famílias oferece Wi-Fi gratuito"
"New courses start every Monday","حصص جديدة لكل أيام الأثنين","Neue Kurse starten jeden Montag","Cursos nuevos cada lunes","Nouveaux cours chaque lundi","Nuovi corsi ogni lunedì","毎週月曜日 新しいコース","매주 월요일마다 새로운 강좌 준비","Novos cursos toda Segunda-feira"
"No surf experience required","لا يشترط وجود خبرة في ركوب الأمواج","","No se requiere experiencia con el surf","Aucune expérience de surf requise","Non è richiesta esperienza di surf","サーフィンの経験は必要なし","서핑 경험 없이도 참여 가능","Não é necessária experiência com surf"
"Pool, BBQ area, fitness center, 5 min walk to Santa Monica Beach","","Pool, Grillbereich, Fitnesscenter, 5 Min zu Fuss zum Strand","Piscina, zona de BBQ, gimnasio, 5 min a pie de la playa de Santa Monica","","","","수영장, 바비큐 공간, 피트니스 센터, 산타모니카 해변까지 도보 5분 거리",""
"Pool, BBQ, small fitness room, jacuzzi","Fill kitchen, pool, BBQ, fitness room, jacuzzi","Pool, Grillbereich, Jacuzzi & Fitnessraum","Piscina, BBQ, gimnasio, jacuzzi","Cuisine entièrement équipée, piscine, barbecue, salle de sport, jacuzzi","Cucina completamente attrezzata, piscina, barbecue, palestra, jacuzzi","設備の整ったキッチン、プール、バーベキュー設備、フィットネスルーム、ジャグジー","완비된 주방, 수영장, 바비큐 시설, 피트니스룸, 자쿠지","Cozinha totalmente equipada, piscina, churrasqueira, sala de ginástica, jacuzzi"
"Pool, BBQ, tennis, basketball, beach volleyball, and fitness","Full kitchen, pool, BBQ area, tennis and basketball courts, beach volleyball, fitness","Pool, Grillbereich, Fitness, Tennis, Jacuzzi & Beachvolleyball","Piscina, zona BBQ, tennis, baloncesto, voley, gimnasio","Cuisine entièrement équipée, piscine, barbecue, salle de sport, jacuzzi","Piscina, area barbecue, fitness, campi da tennis e campo da beach volley","設備の整ったキッチン、プール、バーベキュー設備、フィットネスルーム、ジャグジー","완비된 주방, 수영장, 바비큐 시설, 피트니스룸, 자쿠지","Cozinha totalmente equipada, piscina, churrasqueira, sala de ginástica, jacuzzi"
"Premium Homestay","","Gastfamilie Premium","Familia anfitriona Premium","","","","",""
"Preparation for College & University","","Vorbereitung für Fachhochschule/Uni","Preparación para la universidad","Préparation pour collège/université","Migliore preparazione universitaria","大学入学の準備","대학 입학 준비를 위한 최상의 프로그램","Preparação para Universidade"
"Prepare for Cambridge exam","Prepare for Cambridge Exam","Cambridge-Examen-Vorbereitung","Preparación exámenes de Cambridge","Prépare-toi pour l'examen FCE/CAE","Preparazione all'esame Cambridge","ケンブリッジ試験の準備","케임브리지 시험 준비","Preparação para o exame Cambridge"
"Private bathroom","","Eigenes Badezimmer","Baño privado","Salle de bain privée","Bagno privato","専用バスルーム","","Banheiro privativo"
"Private lessons","دروس خصوصية","Einzelunterricht","Clases particulares","Leçons privées","Lezioni Private","プライベートレッスン","","Aulas particulares"
"Project based learning","التعلم القائم على المشروع","Projektbezogenes Lernen","Aprendizaje por proyectos","Apprentissage par projets","Apprendimento basato su progetti","プロジェクト型学習 (PBL)","다양한 프로젝트 기반으로 학습진행","Aprendizagem baseada em projetos"
"Room type","نوع الغرفة","Zimmer","Habitación","Type de chambre","Tipo di camera","部屋の種類","객실 유형","Tipo de quarto"
"Shared Apartment Comfort","","Gemeinschaftswohnung Comfort","Apartamento Compartido Comfort","","","","",""
"Shared Apartment Economy","","","Apartamento Compartido Economy","","","","",""
"Shared Apartment GEC Viva","Residence Standard YWCA","Residence Standard YWCA","Residence Standard YWCA","Residence Standard YWCA","Residence Standard YWCA","Residence Standard YWCA","Residence Standard YWCA","Residence Standard YWCA"
"Shared Apartment Standard","","Gemeinschaftswohnung Standard","Apartamento compartido Estándar","","","","",""
"Shared bathroom","English","Geteiltes Badezimmer","Baño compartido","Salle de bain partagée","Bagno in comune","シェアバスルーム","공용 욕실","Banheiro compartilhado"
"Single and double rooms","English","","","Chambres individuelles et doubles","Stanze singole e matrimoniali","シングルルーム、ダブルルーム","싱글 및 더블 객실","Quartos individuais e duplos"
"Single and double rooms with a shared bathroom","","Einzel- und Doppelzimmer mit geteiltem Badezimmer","Habitaciones individuales y dobles con baño compartido","Chambres individuelles et doubles avec salle de bain partagée","Camere singole e doppie con bagno in comune","共用バスルーム付きのシングルルーム・ツインルーム","공용 욕실이 있는 싱글룸 및 트윈룸","Quartos individuais e duplos com banheiro compartilhado"
"Single and double rooms with shared bathroom","RT SM","Einzel- und Doppelzimmer mit geteiltem Badezimmer","Habitaciones individuales y dobles con baño compartido","RT SM","RT SM","RT SM","RT SM","RT SM"
"Single and twin rooms (shared bathroom), studios (private bathroom)","غرف فردية ومزدوجة (حمام مشترك)، استوديوهات (حمام خاص)","Einzel- und Zweibettzimmer (Gemeinschaftsbad), Studios (privates Badezimmer)","Habitaciones individuales y twin (baño compartido), estudios (baño privado)","Chambres individuelles et jumelles (salle de bain partagée), studios (salle de bain privée)","Camere singole e doppie (bagno condiviso), monolocali (bagno privato)","シングルルーム・ツインルーム（共用バスルーム）、スタジオ（専用バスルーム）","싱글룸 및 트윈룸 (공용 욕실), 스튜디오 (개인 욕실)","Quartos individuais e duplos (banheiro compartilhado), estúdios (banheiro privativo)"
"Single and twin rooms with a private bathroom","Single and twin rooms with a private bathroom per bedroom","Einzel- und Zweibettzimmer mit eigenem Badezimmer","Habitaciones individuales y twin con baño privado","Chambres individuelles et doubles avec salle de bain privée","Camere singole e doppie con bagno privato","各部屋に専用バスルーム付きのシングルルーム・ツインルーム","각 객실에 전용 욕실이 있는 싱글룸 및 트윈룸","Quartos individuais e duplos com banheiro privativo"
"Single and twin rooms with a shared bathroom","Single and twin rooms with a shared bathoom","Einzel- und Zweibettzimmer mit geteiltem Badezimmer","Habitaciones individuales y twin con baño compartido","Single and twin rooms with a shared bathoom","Single and twin rooms with a shared bathoom","Single and twin rooms with a shared bathoom","공용 욕실이 있는 싱글 및 트윈룸","Single and twin rooms with a shared bathoom"
"Single room","غرفة فردية و مزدوجة","Einzelzimmer","Habitación individual","Chambres individuelles","Stanze singole","シングルルーム","싱글 객실","Quartos individuais"
"Single room with a shared bathroom","","Einzelzimmer mit eigenem Badezimmer","Habitación individual con baño compartido","Chambre indidivuelle avec salle de bain partagée","Camera singola con bagno in comune","共用バスルーム付きシングルルーム","공용 욕실이 있는 싱글룸","Quarto individual com banheiro compartilhado"
"Single, semi-private, twin rooms","غرف فردية، شبه خاصة، مزدوجة","Einzel-, halbprivate und Zweibettzimmer","Habitaciones individuales, semiprivadas y dobles","Chambres individuelles, semi-privées et jumelles","Camere singole, semi-private e doppie","シングルルーム、セミプライベートルーム、ツインルーム","싱글룸, 세미프라이빗룸, 트윈룸","Quartos individuais, semi-privativos e duplos"
"Single, twin and quad rooms with shared bathroom","","Einzel- , Zweibett- und Vierbettzimmer mit geteiltem Bad","Habitaciones Individuales, twin y cuádruple con baño compartido","","","","공용 욕실을 갖춘 싱글, 트윈 및 쿼드 룸",""
"Sleeping pods","","Schlafzimmer mit Bettnischen","Cápsulas dormitorio","Chambres avec lits capsules","Camere da letto con sleeping pod","スリープポッド付きの寝室","수면 포드가 있는 침실","Quartos com cápsulas para dormir"
"Small classes (avg. 7 students per class)","فصول صغيرة يتراوح عدد الطلاب (7 طلاب للفصل)","Kleine Klassen (Ø 7 Schüler/Klasse)","Clases reducidas (7 promedio)","Petites classes (en moy. 7 étudiants)","Classi poco numerose (media 7 studenti/classe)","小規模クラス(平均 7人/クラス)","소규모 수업 (평균 7명/반)","Turmas pequenas (média de 7 alunos por sala)"
"Small classes (avg. 7 students/class)","فصول صغيرة يتراوح عدد الطلاب (7 طلاب للفصل)","Kleine Klassen (Ø 7 Schüler/Klasse)","Clases reducidas (7 promedio)","Petites classes (en moy. 7 étudiants)","Classi piccole (media 7 studenti)","少人数制クラス(1クラス平均7名)","소규모 수업 (평균 7명/반)","Turmas pequenas (média de 7 alunos)"
"Small fitness room, study rooms, lounge and rooftop terrace","غرفة لياقة بدنية صغيرة، غرف دراسية، صالة، وتراس على السطح","Kleiner Fitnessraum, Studienräume, Lounge und Dachterrasse","Pequeña sala de fitness, salas de estudio, salón y terraza en la azotea","Petite salle de fitness, salles d’étude, lounge et terrasse sur le toit","Piccola sala fitness, sale studio, lounge e terrazza panoramica","小さなフィットネスルーム、勉強部屋、ラウンジ、屋上テラス","작은 피트니스 룸, 스터디룸, 라운지 및 루프탑 테라스","Pequena sala de fitness, salas de estudo, lounge e terraço na cobertura"
"Social, Educational or Conversatory Work","اجتماعي او علمي او موسيقي","Sozialarbeit & Umweltschutz","Campo social, educación y medio ambiente","Travail social ou éducatif","Lavoro sociale, educativo o conversazionale","社会、教育、または自然での仕事","다양한 의사소통 기회를 통해 높이는 국제적인 시야와 학습","Trabalho social, educacional ou conversação"
"Social, or conversatory Work","اجتماعي او علمي او موسيقي","Sozialarbeit & Umweltschutz","Campo social, y medio ambiente","Travail social ou éducatif","Lavoro sociale, o conversazionale","社会、教育、または自然での仕事","소통하며 국제적 시야와 학습 늘리기","Trabalho social, ou conversação"
"Speaking, Grammar, Writing, Reading, Pronunciation, Listening and more","التحدث، القواعد، الكتابة، القراءة، النطق، الاستماع والمزيد","Sprechen, Grammatik, Schreiben, Lesen, Aussprache, Hörverständnis und mehr","Expresión oral y escrita, gramática comprensión oral y escrita y más","Expression orale, Grammaire, Écriture, Lecture, Prononciation, Compréhension auditive et plus","Conversazione, Grammatica, Scrittura, Lettura, Pronuncia, Ascolto e altro","会話、文法、ライティング、読解、発音、リスニングなど","말하기, 문법, 쓰기, 읽기, 발음, 듣기 등","Fala, Gramática, Escrita, Leitura, Pronúncia, Compreensão Auditiva e mais"
"Specialized preparation for the Cambridge exam","التحضير المتخصص لامتحان كامبريدج","Vorbereitung auf das Cambridge Examen","Preparación especializada para el examen de Cambridge","Préparation spécialisée pour l'examen de Cambridge","Preparazione specializzata per l'esame Cambridge","ケンブリッジ試験のための専門的な準備","케임브리지 시험을 위한 전문 준비","Preparação especializada para o exame de Cambridge"
"Specialized preparation for the TOEFL exam","التحضير المتخصص لامتحان TOEFL","Spezielle Vorbereitung auf das TOEFL Examen","Preparación especializada para el examen TOEFL","Préparation spécialisée pour l'examen TOEFL","Preparazione specializzata per l'esame TOEFL","TOEFL試験のための専門的な準備","TOEFL 시험을 위한 전문적인 준비","Preparação especializada para o exame TOEFL"
"Spring and fall session intakes","","2 Starttermine pro Jahr","2 fechas de inicio al año","2 dates de début par an","2 date di inizio all’anno","春・秋ごとの入学","연 2회 개강","2 datas de início por ano"
"Start your preparation to enter college or university in the U.S. or abroad.","ابدأ تحضيرك للالتحاق بالجامعة في الولايات المتحدة أو في الخارج.","Beginne deine Vorbereitung, um ein College oder eine Universität in den USA oder im Ausland zu besuchen.","Comienza tu preparación para ingresar a una universidad o colegio en los Estados Unidos o en el extranjero.","Commencez votre préparation pour entrer dans une université ou un collège aux États-Unis ou à l’étranger.","Inizia la tua preparazione per entrare in un college o in un’università negli Stati Uniti o all’estero.","アメリカまたは海外の大学・カレッジへの進学に向けて準備を始めましょう。","미국이나 해외의 대학에 진학하기 위한 준비를 시작하세요.","Comece sua preparação para ingressar em uma faculdade ou universidade nos Estados Unidos ou no exterior."
"Studio (max. 1)","ستوديو (بحد أقصى 1)","","","","","スタジオ（最大1室）","스튜디오 (최대 1개)","Estúdio (máx. 1)"
"Studio (max. 2)","","Studio (max. 2) mit eigenem Bad","Estudio (máx. 2)","","","","",""
"Study rooms, Lounge, Rooftop terrace","غرف دراسية، صالة، تراس على السطح","Studienräume, Lounge, Dachterrasse","Salas de estudio, salón, terraza en la azotea","Salles d’étude, lounge, terrasse sur le toit","Sale studio, lounge, terrazza panoramica","勉強部屋、ラウンジ、屋上テラス","스터디룸, 라운지, 루프탑 테라스","Salas de estudo, lounge, terraço na cobertura"
"Study rooms, TV lounge, fitness room, outdoor pool (summer only), sauna","غرف الدراسة، صالة التلفزيون، غرفة اللياقة البدنية، مسبح خارجي (فقط في الصيف)، ساونا","Studieräume, TV-Lounge, Fitnessraum, Außenpool (nur im Sommer), Sauna","Salas de estudio, salón de TV, sala de fitness, piscina al aire libre (solo en verano), sauna","Salles d'étude, salon TV, salle de fitness, piscine extérieure (été uniquement), sauna","Sale studio, salotto TV, sala fitness, piscina all'aperto (solo in estate), sauna","自習室、TVラウンジ、フィットネスルーム、屋外プール（夏季限定）、サウナ","스터디 룸, TV 라운지, 피트니스룸, 야외 수영장 (여름 한정), 사우나","Salas de estudo, sala de TV, sala de fitness, piscina ao ar livre (apenas no verão), sauna"
"Surf in one of the top surf spots","حصص تزحلق في الامواج","","Surf en el paraiso de los surfistas","Le paradis du surf","Surfa in una location top mondiale","最高のサーフスポットでサーフィン","세계적인 서핑 스팟에서 서핑하기","Surfe nos melhores pontos do mundo"
"Surfing max 5 per instructor, English max 12 per teacher","","Surfen: maximal 5 Personen pro Instruktor, Englisch: maximal 12 Personen pro Lehrer","Surfing máx 5 por instructor, Inglés máx 12 por profesor","","Surf: massimo 5 per istruttore, Inglese: massimo 12 per insegnante","","강사당 서핑 최대 5명, 영어 최대 12명","Surfe: máximo de 5 por instrutor, Inglês: máximo de 12 por professor"
"TOEFL Exam Preparation 23 - GE20+TOEFL3","TOEFL Exam Preparation 23 - GE20 + TOE3","TOEFL Exam Preparation 23 - GE20 + TOE3","TOEFL Exam Preparation 23 - GE20 + TOE3","TOEFL Exam Preparation 23 - GE20 + TOE3","TOEFL Exam Preparation 23 - GE20 + TOE3","TOEFL Exam Preparation 23 - GE20 + TOE3","TOEFL Exam Preparation 23 - GE20 + TOE3","TOEFL Exam Preparation 23 - GE20 + TOE3"
"TOEFL Exam Preparation 24 - GE20+TOEFL4","TOEFL Exam Preparation 24 - GE20 + TOE","Examensvorbereitungskurs TOEFL 24 - GE20 + TOE4","Preparación examen TOEFL 24 - GE20 + TOE4","TOEFL Exam Preparation 24 - GE20 + TOE4","TOEFL Exam Preparation 24 - GE20 + TOE4","TOEFL Exam Preparation 24 - GE20 + TOE4","TOEFL Exam Preparation 24 - GE20 + TOE4","TOEFL Exam Preparation 24 - GE20 + TOE4"
"TOEFL Exam Preparation 28 - GE24+TOEFL4","TOEFL Exam Preparation 28 - GE24 + TOE4","Examensvorbereitungskurs TOEFL 28 - GE24 + TOE4","Preparación examen TOEFL 28 - GE24 + TOE4","TOEFL Exam Preparation 28 - GE24 + TOE4","TOEFL Exam Preparation 28 - GE24 + TOE4","TOEFL Exam Preparation 28 - GE24 + TOE4","TOEFL Exam Preparation 28 - GE24 + TOE4","TOEFL Exam Preparation 28 - GE24 + TOE4"
"Upper Intermediate and Higher","ابتداء من المستوى المتوسط فما فوق","ab Sprachniveau B2","intermedio superior y avanzado","Niveau intermédiaire supérieur et plus","Intermedio superiore e avanzato","中上級以上","Upper intermediate 이상","Intermediário superior e avançado"
"Upper intermediate and higher","ابتداء من المستوى المتوسط فما فوق","ab Sprachniveau B2","intermedio superior y avanzado","Niveau intermédiaire supérieur et plus","Intermedio superiore e avanzato","Upper Intermediate 以上","Upper intermediate 이상","Intermediário superior e avançado"
"✓ 10 - 20 minutes by public transportation to CEL","","","✓ 10 - 20 minutos en transporte público de CEL","","","","",""
"✓ 10 minute walk to CEL","✓ 10 دقائق سيرا على الأقدام إلى CEL","✓ 10 min Fußweg zu CEL","✓ 10 minutos a pie de CEL","✓ À 10 minutes à pied du CEL","✓ 10 minuti a piedi dal CEL","✓ CELまで徒歩10分","✓ CEL까지 10분 도보","✓ 10 minutos andando até a CEL"
"✓ 10-minute walk to Santa Monica Pier","✓ 10 دقائق سيرا على الأقدام إلى رصيف سانتا مونيكا","✓ 10 min Fußweg zum Pier von Santa Monica","✓ A 10 minutos del muelle de Santa Monica","✓ À 10 minutes à pied de la jetée de Santa Monica","✓ 10 minuti a piedi dal Santa Monica Pier","✓ サンタモニカの橋脚から徒歩10分","✓ 산타모니카 부두까지 10분 도보","✓ 10 minutos andando até o Pier de Santa Monica"
"✓ 15 minute walk to the beach","✓ 15 دقائق سيرا على الأقدام إلى الشاطئ","✓ 15 min Fußweg zum Strand","✓ A 15 minutos andando de la playa","✓ À 15 minutes à pied de la plage","✓ 15 minuti a piedi dalla spiaggia","✓ ビーチから徒歩15分","✓ 해변까지 15분 도보","✓ 15 minutos andando até a praia"
"✓ 16 minute walk to CEL","✓ 16 دقائق سيرا على الأقدام إلى CEL","✓ 16 min Fußweg zu CEL","✓ 16 minutos a pie de CEL","✓ À 16 minutes à pied du CEL","✓ 16 minuti a piedi dal CEL","✓ CELまで徒歩16分","✓ CEL까지 16분 도보","✓ 16 minutos andando até a CEL"
"✓ 20 minute walk to Pacific Beach (waves)","","✓ 20 Minuten Fussweg zum Strand mit Wellen (Pacific Beach)","✓ 20 minutos a pie de Pacific Beach (mar con olas)","","","","",""
"✓ 20 minute walk to Venice Beach","✓ 20 دقيقة سيرا على الأقدام إلى شاطئ فينيسيا","✓ 20 min Fußweg zu Venice Beach","✓ A 20 minutos de Venice Beach","✓ À 20 minutes à pied de Venice Beach","✓ 20 minuti a piedi da Venice Beach","✓ ベニスビーチから徒歩20分","✓ 베니스 해변까지 20분 도보","✓ 20 minutos andando para Venice Beach"
"✓ 25 minute walk to CEL","✓ 25 دقائق سيرا على الأقدام إلى CEL","✓ 25 min Fußweg zu CEL","✓ 25 minutos a pie de CEL","✓ À 25 minutes à pied du CEL","✓ 25 minuti a piedi dal CEL","✓ CELまで徒歩25分","✓ CEL까지 25분 도보","✓ 25 minutos andando até a CEL"
"✓ 25 minutes by public transportation to CEL","✓ 25 دقيقة بوسائل النقل العام إلى CEL","✓ 25 Minuten mit öffentlichen Verkehrsmitteln zu CEL","✓ 25 minutos en transporte público hasta CEL","✓ 25 minutes en transport en commun jusqu’à CEL","✓ 25 minuti con i mezzi pubblici fino a CEL","✓ 公共交通機関でCELまで25分","✓ 대중교통으로 CEL까지 25분","✓ 25 minutos de transporte público até a CEL"
"✓ 25 minutes walk to CEL","✓ 25 دقيقة مشيا الى المدرسة CEL","✓ 25 Minuten zu Fuss zu CEL","✓ 25 min andando de CEL","✓ À 25 minutes à pied du CEL","✓ 25 minuti a piedi dal CEL","✓ CELまで徒歩25分","✓ CEL까지 도보 25분","✓ 25 minutos andando até a CEL"
"✓ 30 - 45 minutes by public transportation to CEL","✓ 30-45 دقيقة عن طريق الباص الى المدرسه CEL","✓ 30-45 Minuten Busfahrt zu CEL","✓ 30-45 min en bus de CEL","✓ De 30 à 45 min. en bus jusqu'au CEL","✓ 30-45 minuti dal CEL","✓ CELまでバスで30-45分","✓ 대중교통으로 CEL까지 30~45분 소요","✓ 30-45 minutos de ônibus até a CEL"
"✓ 30 minute walk to CEL","✓ 30 دقائق سيرا على الأقدام إلى CEL","✓ 30 min Fußweg zu CEL","✓ 30 minutos a pie de CEL","✓ À 30 minutes à pied du CEL","✓ 30 minuti a piedi dal CEL","✓ CELまで徒歩30分","✓ CEL까지 30분 도보","✓ 30 minutos andando até a CEL"
"✓ 30 minutes by public transportation to CEL","✓ 30 دقيقة بوسائل النقل العام إلى CEL","✓ 30 Minuten mit öffentlichen Verkehrsmitteln zu CEL","✓ 30 minutos en transporte público hasta CEL","✓ 30 minutes en transport en commun jusqu’à CEL","✓ 30 minuti con i mezzi pubblici fino a CEL","✓ 公共交通機関でCELまで30分","✓ 대중교통으로 CEL까지 30분","✓ 30 minutos de transporte público até a CEL"
"✓ 35 minutes by public transportation to CEL","✓ 35 دقيقة بوسائل النقل العام إلى CEL","✓ 35 Minuten mit öffentlichen Verkehrsmitteln zu CEL","✓ 35 minutos en transporte público hasta CEL","✓ 35 minutes en transport en commun jusqu’à CEL","✓ 35 minuti con i mezzi pubblici fino a CEL","✓ 公共交通機関でCELまで35分","✓ 대중교통으로 CEL까지 35분","✓ 35 minutos de transporte público até a CEL"
"✓ 5 minute walk to the bay (calm water, no waves)","","✓ 5 Minuten Fussweg zur Bay","✓ 5 minutos a pie de la bahía (mar sin olas)","","","","",""
"✓ 5 minute walk to the beach","✓ 5 دقائق سيرا على الأقدام إلى الشاطئ","✓ 5 min Fußweg zum Strand","✓ A 5 minutos andando de la playa","✓ À 5 minutes à pied de la plage","✓ 5 minuti a piedi dalla spiaggia","✓ ビーチから徒歩5分","✓ 해변까지 5분 도보","✓ 5 minutos andando até a praia"
"✓ Air Conditioned","✓ مكيفة الهواء","✓ mit Klimaanlage","✓ Aire acondicionado","✓ Climatisé","✓ Aria condizionata","✓ エアコン付き","✓ 에어컨 설치되어있음","✓ Ar condicionado"
"✓ Air conditioned (common areas only, not bedrooms)","","✓ Klimaanlage im Wohn/Esszimmer nicht in den Schlafzimmern","✓ Aire acondicionado ( solo zonas comunes, no en las habitaciones)","","","","",""
"✓ Amazing location in Downtown Santa Monica close to the beach","","","✓ Ubicación maravillosa en Downtown Santa Monica cerca de la playa","","","","",""
"✓ Average distance to CEL: 25 minutes by public transportation","✓ تتراوح مدة السفر بالمواصلات العامة إلى CEL بين 25 دقيقة","✓ Im Durchschnitt 25 min mit öffentlichen Verkehrsmitteln zu CEL","✓ A un promedio de 25 min en transporte público de CEL","✓ Le temps de trajet en transports en commun jusqu'au CEL varie entre 30 et 45 minutes","✓ 25 minuti con mezzi pubblici dal CEL","✓ CELまでの公共交通機関でかかる時間:25分","✓ CEL까지 대중교통으로 25분","✓ 30-45 minutos de transporte público para a CEL"
"✓ Average distance to CEL: 30 to 45 minutes by public transportation","✓ تتراوح مدة السفر بالمواصلات العامة إلى CEL بين 30 و45 دقيقة","✓ Im Durchschnitt 30-45 min mit öffentlichen Verkehrsmitteln zu CEL","✓ A un promedio de 30 a 45 min en transporte público de CEL","✓ Le temps de trajet en transports en commun jusqu'au CEL varie entre 30 et 45 minutes","✓ 30-45 minuti con mezzi pubblici dal CEL","✓ CELまでの公共交通機関でかかる時間:30-45分","✓ CEL까지 대중교통으로 30 - 45분","✓ 30-45 minutos de transporte público para a CEL"
"✓ Average distance to CEL: 40 to 50 minutes by public transportation","✓ متوسط المسافة إلى CEL: من 40 إلى 50 دقيقة بوسائل النقل العام","✓ Durchschnittliche Entfernung zu CEL: 40 bis 50 Minuten mit öffentlichen Verkehrsmitteln","✓ Promedio de distancia de CEL: 40 a 50 minutos en transporte público","✓ Distance moyenne jusqu’à CEL : 40 à 50 minutes en transport en commun","✓ Distanza media da CEL: 40-50 minuti con i mezzi pubblici","✓ CELまでの平均所要時間：公共交通機関で40～50分","✓ CEL까지 평균 거리: 대중교통으로 40~50분 소요","✓ Distância média até a CEL: 40 a 50 minutos de transporte público"
"✓ BBQ Area","✓ منطقة للشواء","✓ Grillbereich","✓ Zona de BBQ","✓ Espace barbecue","✓ Area barbecue","✓ バーベキューエリア","✓ 바비큐장","✓ Área para churrasco"
"✓ Bedrooms with Sleeping Pods","✓ غرف نوم مع كبسولات النوم","✓ Schlafzimmer mit Bettnischen","✓ Habitaciones con cápsulas dormitorio","✓ Chambres avec lits capsules","✓ Camere da letto con sleeping pod","✓ スリープポッド付きの寝室","✓ 수면 포드가 있는 침실","✓ Quartos com cápsulas para dormir"
"✓ Breakfast and dinner","✓ General info 1","✓ Halbpension","✓ Desayuno y media pensión","✓ Demi-pension","✓ Colazione e cena","✓ General info 1","✓ General info 1","✓ Café da manhã e jantar"
"✓ Breakfast or breakfast and dinner","✓ الإفطار أو الإفطار والعشاء","✓ Frühstück oder Halbpension","✓ Desayuno o media pensión","✓ Petit-déjeuner ou demi-pension","✓ Colazione o colazione e cena","✓ 朝食、朝食と夕食","✓ 아침식사 또는 아침식사와 저녁식사","✓ Café da manhã ou café da manhã e jantar"
"✓ Check-in before 22:00","✓ تسجيل الوصول قبل الساعة 22:00","✓ Check-In vor 22:00 Uhr","✓ Check-in antes de las 22:00","✓ Enregistrement avant 22h00","✓ Check-in: entro le 22:00","✓ 22:00以前にチェックイン","✓ 체크인: 22:00 이전","✓ Check-in: antes das 22h"
"✓ Check-in: Saturday 16:00 - 20:00 (after 20:00 Check-In only upon request, late check-in fee of $50 applicable)","✓ تسجيل الوصول: السبت من 16:00 إلى 20:00 (بعد الساعة 20:00، تسجيل الوصول فقط عند الطلب، وتطبق رسوم تسجيل وصول متأخر بقيمة 50 دولارًا)","✓ Samstag 16:00 - 20:00 (nach 20:00 Uhr Check-in nur auf Anfrage, Spät-Check-in-Gebühr von 50 $ gilt)","✓ Sábado de 16:00 a 20:00 (después de las 20:00, el check-in solo es posible bajo solicitud, se aplica una tarifa de check-in tardío de $50)","✓ Enregistrement : samedi de 16h00 à 20h00 (après 20h00, enregistrement uniquement sur demande, des frais de 50 $ s'appliquent pour enregistrement tardif)","✓ Check-in: sabato 16:00 - 20:00 (dopo le 20:00 il check-in è solo su richiesta, con supplemento di 50 $ per il check-in tardivo)","✓ チェックイン: 土曜日 16:00 - 20:00 (20:00以降はリクエストに応じてのみチェックイン可能、遅いチェックインには50ドルの追加料金が適用されます)","✓ 체크인: 토요일 16:00 - 20:00 (20:00 이후 체크인은 요청 시에만 가능하며, 50달러의 늦은 체크인 요금이 적용됩니다)","✓ Check-in: Sábado das 16:00 às 20:00 (após as 20:00, check-in somente mediante solicitação, taxa de check-in tardio de $50 aplicável)"
"✓ Check-in: after 16:00","✓ تسجيل الوصول: بعد الساعة 16:00","✓ Check-in: nach 16:00 Uhr","✓ Check-in: después de las 16:00","✓ Check-in : après 16h00","✓ Check-in: dopo le 16:00","✓ チェックイン：16:00以降","✓ 체크인: 16:00 이후","✓ Check-in: após as 16:00"
"✓ Check-in: from 15:00 on Saturdays","✓ تسجيل الوصول: من الساعة 15:00 أيام السبت","✓ Check-in: ab 15:00 Uhr samstags","✓ Check-in: a partir de las 15:00 los sábados","✓ Enregistrement : à partir de 15h00 le samedi","✓ Check-in: a partire dalle 15:00 il sabato","✓ チェックイン：土曜日の15:00以降","✓ 체크인: 토요일 오후 3시부터","✓ Check-in: a partir das 15:00 aos sábados"
"✓ Check-out: Saturday before 11:00","✓ 11:00 تسجيل المغادرة: السبت قبل الساعة","✓ Check-out: Samstag vor 11:00 Uhr","✓ Check-out: Sábado antes de las 11:00","✓ Départ : samedi avant 11h00","✓ Check-out: sabato prima delle 11:00","✓ チェックアウト: 土曜日 11:00 前まで","✓ 체크아웃: 토요일 오전 11시 이전","✓ Check-out: Sábado antes das 11:00"
"✓ Cleaning available upon request ($)","","","✓ Servicio de limpieza bajo petición ($)","","","","",""
"✓ Cleaning of common areas provided every second week","✓ يتم توفير تنظيف المناطق المشتركة كل أسبوعين","✓ Reinigung der Gemeinschaftsräume erfolgt jede zweite Woche","✓ Limpieza de areas comunes cada dos semanas","✓ Nettoyage des espaces communs fourni une semaine sur deux","✓ Pulizia delle aree comuni fornita a settimane alternate","✓ 共用スペースの掃除は2週間ごとに行われる","✓ 공용 공간 청소가 2주에 한 번 제공됨","✓ Limpeza das áreas comuns realizada a cada duas semanas"
"✓ Cleaning provided every second week","✓ يتم توفير التنظيف كل أسبوعين","✓ Reinigung erfolgt jede zweite Woche","✓ Se proporciona servicio de limpieza cada dos semanas","✓ Nettoyage fourni une semaine sur deux","✓ Pulizie fornite a settimane alternate","✓ 掃除は2週間ごとに行われる","✓ 2주에 한 번 청소가 제공됨","✓ Limpeza fornecida a cada duas semanas"
"✓ Cleaning provided once a week","✓ يتم توفير التنظيف مرة واحدة في الأسبوع","✓ Reinigung erfolgt jede Woche","✓ Servicio de limpieza semanal una vez a la semana","✓ Nettoyage fourni une fois par semaine","✓ Pulizie fornite una volta alla settimana","✓ 掃除は1週間ごとに行われる","✓ 주간 한 번 청소가 제공됨","✓ Limpeza fornecida uma vez por semana"
"✓ Close to supermarkets, restaurants and department stores","✓ بالقرب من محلات السوبر ماركت والمطاعم والمتاجر","✓ Fußläufig zu Supermarkt, Restaurants, und Geschäften","✓ Cerca de supermercados, restaurantes, y departamentos comerciales","✓ Proche des supermarchés, des restaurants et des grands magasins","✓ Vicino a supermercati, ristoranti e grandi magazzini","✓ スーパーマーケット、レストラン、デパートが近くにある","✓ 슈퍼마켓, 레스토랑, 백화점과 가까움","✓ Perto de supermercados, restaurantes e lojas de departamento"
"✓ Convenient location in Downtown Santa Monica close to the beach","","","✓ Ubicación conveniente en Downtown Santa Monica cerca e la playa","","","","",""
"✓ Conveniently located in Downtown Vancouver","✓ موقع مريح في وسط مدينة فانكوفر","✓ Günstig gelegen in der Innenstadt von Vancouver","✓ Convenientemente ubicado en el centro de Vancouver","✓ Idéalement situé au centre-ville de Vancouver","✓ Comodamente situato nel centro di Vancouver","✓ バンクーバーのダウンタウンに便利な立地","✓ 밴쿠버 다운타운에 편리하게 위치","✓ Convenientemente localizado no centro de Vancouver"
"✓ Conveniently located in Pacific Beach/Mission Bay","","✓ Tolle Lage direkt in Pacific Beach/Mission Bay","✓ Ubicado cómodamente en Pacific Beach/Mission Bay","","","","",""
"✓ Daily (facilities only) during the week (Monday to Friday)","","","✓ Servicios diarios durante la semana (de lunes a viernes)","","","","",""
"✓ Different parts of Los Angeles (e.g. Westwood)","✓ أجزاء مختلفة من لوس أنجلوس (مثل ويستوود)","✓ In verschiedenen Stadtteilen von Los Angeles gelegen (zum Beispiel Westwood)","✓ Diferentes partes de Los Angeles (p.ej Westwood)","✓ Différentes parties de Los Angeles (par exemple Westwood)","✓ Diverse zone di Los Angeles (ad esempio Westwood)","✓ ロサンゼルスの別の地域(例:ウェストウッド)","✓ 로스앤젤레스의 다양한 지역 (예: 웨스트우드)","✓ Diferentes partes de Los Angeles (exemplo: Westwood)"
"✓ Different parts of San Diego","✓ أجزاء مختلفة من سان دييغو","✓ In verschiedenen Stadtteilen von San Diego","✓ Diferentes partes de San Diego","✓ Différentes parties de San Diego","✓ Diverse zone di San Diego","✓ サンディエゴの別の地域","✓ 샌디에고의 여러 지역","✓ Diferentes partes de San Diego"
"✓ Different parts of Santa Monica & Los Angeles","✓ أجزاء مختلفة من سانتا مونيكا ولوس أنجلوس","✓ In verschiedenen Stadtteilen von Santa Monica & Los Angeles","✓ Diferentes partes de Santa Monica y Los Angeles","✓ Différentes parties de Santa Monica et de Los Angeles","✓ Diverse zone di Santa Monica e Los Angeles","✓ サンタモニカ、ロサンゼルスの別の地域","✓ 산타모니카 & 로스앤젤레스의 다양한 지역","✓ Diferentes partes de Santa Monica e Los Angeles"
"✓ Double rooms have two separate beds and can only be booked by two students traveling together","✓ تحتوي الغرف المزدوجة على سريرين منفصلين، ولا يمكن حجزها إلا من قبل طالبين يسافران معًا","✓ Doppelzimmer - zwei getrennte Betten die nur für zusammen Reisende buchbar sind","✓ Las habitaciones dobles solo pueden ser reservadas por alumnos que viajan juntos (dos camas twin)","✓ Les chambres doubles ont deux lits séparés et ne peuvent être réservées que par deux étudiants voyageant ensemble","✓ Le camere matrimoniali possono essere prenotate solo da due studenti che viaggiano insieme","✓ ダブルルームは、一緒に旅行をしている学生二人にのみ予約可能","✓ 이중 객실은 함께 여행하는 두 학생만 예약 가능","✓ Quartos duplos só podem ser reservados por dois estudantes que estão viajando juntos"
"✓ Each Apartment has 2 bedrooms and 1 bathroom","","✓ Jedes Apartment hat 2 Schlafzimmer und 1 Badezimmer","✓ Cada apartamento tiene 2 habitaciones y un baño","","","","","✓ Cada apartamento tem 2 quartos e 2 banheiro"
"✓ Each Apartment has 2 bedrooms and 2 bathrooms","✓ تحتوي كل شقة على غرفتي نوم وحمامين","✓ Jedes Apartment hat 2 Schlafzimmer und 2 Badezimmer","✓ Cada apartamento tiene 2 habitaciones y 2 baños","✓ Chaque appartement a 2 chambres et 2 salles de bains","✓ Ogni appartamento dispone di 2 camere da letto e 2 bagni","✓ それぞれのマンションに、寝室2部屋、バスルーム2部屋付き","✓ 각 아파트에는 침실 2개와 욕실 2개가 있음","✓ Cada apartamento tem 2 quartos e 2 banheiros"
"✓ Each apartment has 2 bedrooms and one full bath plus one additional toilet","","✓ Jedes Apartment hat ein Badezimmer plus eine separate Toilette.","✓ Cada apartamento tiene 2 habitaciones con una bañera y un inodoro adicional","","","","✓ 각 아파트에는 침실 2개와 욕실 1개, 화장실 1개가 있습니다.",""
"✓ Every bedroom has a TV","","✓ Jedes Schlafzimmer hat einen eigenen Fernseher","","","","","✓ 모든 침실에 TV 있음",""
"✓ Fairview district of Vancouver","✓ حي فيرفيو في فانكوفر","✓ Fairview-Viertel in Vancouver","✓ Distrito Fairview de Vancouver","✓ Quartier Fairview de Vancouver","✓ Distretto Fairview di Vancouver","✓ バンクーバーのフェアビュー地区","✓ 밴쿠버 페어뷰 지구","✓ Distrito Fairview de Vancouver"
"✓ Fitness center","","✓ Fitnessstudio","✓ Gimnasio","","","","✓ 피트니스 센터",""
"✓ Fitness room","","","✓ Gimnasio","","","","",""
"✓ Free Wi-Fi","","✓ Kostenloses WLAN","✓ Wi-Fi gratis","","","","✓ 무료 와이파이",""
"✓ Free Wifi","","✓ Kostenloses WLAN","","","","","✓ 무료 와이파이",""
"✓ Fully Equipped Kitchen","","✓ Vollausgestattete Küche","✓ Cocina totalmente equipada","✓ Cuisine entièrement équipée","✓ Cucina completamente attrezzata","","✓ 완비된 주방","✓ Cozinha totalmente equipada"
"✓ Fully Equipped Kitchen with Dishwasher","✓ مطبخ مجهز بالكامل مع غسالة صحون","✓ Vollausgestattete Küche mit Spülmaschine","✓ Cocina totalmente equipada con lavavajillas","✓ Cuisine entièrement équipée avec lave-vaisselle","✓ Cucina completamente attrezzata con lavastoviglie","✓ 皿洗機付きの完全装備されたキッチン","✓ 식기세척기가 있는 완비된 주방","✓ Cozinha totalmente equipada com máquina de lavar louça"
"✓ If you are looking for an affordable housing option","✓ إذا كنت تبحث عن خيار السكن بأسعار معقولة","✓ Wenn Du nach kostengünstiger Unterkunft suchst","✓ Si quieres buscar una opción de alojamiento asequible","✓ Qui cherchent une option de logement abordable","✓ Chi è alla ricerca di un'opzione di alloggio conveniente","✓ 手頃な住宅オプションを探している学生","✓ 저렴한 하우징 옵션을 찾고 있는 사람들","✓ Para quem procura uma opção de moradia acessível"
"✓ If you are looking for luxury facilities","","","✓ Si estás buscando instalaciones de lujo","","","","",""
"✓ If you are under 18 years old","✓ إذا كان عمرك أقل من 18 عامًا","✓ Schüler unter 18 Jahre","✓ Si tienes menos de 18 años","✓ Étudiants de moins de 18 ans","✓ Studenti minorenni (sotto i 18 anni)","✓ 18歳以下の学生","✓ 18세 미만의 학생들","✓ Estudantes menores de 18 anos"
"✓ If you don‘t mind living in a small room","","","✓ Si no te importa vivir en una habitación pequeña","","","","",""
"✓ If you don‘t mind sleeping in a sleeping pod","","","✓ Si no te importa dormir en una cápsula dormitorio","","","","",""
"✓ If you don‘t mind taking the bus to school","✓ إذا كنت لا تمانع في ركوب الحافلة إلى المدرسة","✓ Wen es Dich nicht stört öffentliche Verkehrsmittel zu nutzen","✓ Si no te importa ir en bus a la escuela","✓ Qui n'ont pas d'objection à prendre le bus pour aller à l'ésole","✓ Chi non ha problemi a prendere l'autobus per la scuola","✓ 学校までバスで通学することを厭わない学生","✓ 학교까지 버스를 타는 것을 꺼리지 않는 학생들","✓ Quem não se importa de pegar ônibus para a escola"
"✓ If you prefer a private apartment","","","✓ Si prefieres un apartamento privado","","","","",""
"✓ If you want to be able to walk to school","","","✓ Si quieres poder ir andando a la escuela","","","","",""
"✓ If you want to benefit from amenities such as pooland fitness room","✓ إذا كنت ترغب في الاستفادة من وسائل الراحة مثل حمام السباحة وغرفة اللياقة البدنية","✓ Wenn Du den Outdoor-Pool und Fitnessraum vor Ort genießen möchtest?","✓ Si quieres disfrutar de servicios como piscina y gimnasio","✓ Qui souhaitent bénéficier des équipements tels que la piscine et la salle de fitness","✓ Chi vuole usufruire di servizi come piscina e sala fitness","✓ プールやフィットネスルーム等のアメニティを得たい学生","✓ 수영장과 피트니스 룸과 같은 시설을 활용하고 싶은 학생들","✓ Para quem quer aproveitar comodidades como piscinae sala de ginástica"
"✓ If you want to experience the fun, beach lifestyle and convenience of living in Downtown Santa Monica","","","✓ Si quieres disfrutar del estilo de vida y la conveniencia de vivir en Downtown Santa Monica","","","","",""
"✓ If you want to interact with other tenants as much as possible","✓ إذا كنت ترغب في التفاعل مع المستأجرين الآخرين قدر الإمكان","✓ Wer möchte so viel wie möglich mit einheimischen Nachbarn interagieren?","✓ Si quieres interactuar con otros inquilinos tanto como sea posible","✓ Qui veulent interagir avec les autres locataires autant que possible","✓ Chi desidera interagire il più possibile con gli altri inquilini","✓ 可能な限り他の住居者と交流したい学生","✓ 다른 세입자들과 최대한 상호작용하고 싶은 학생들","✓ Para quem deseja interagir com outros inquilinos"
"✓ If you want to live centrally","✓ إذا كنت ترغب في العيش في وسط المدينة","✓ Wenn du zentral wohnen möchtest","✓ Si quieres vivir en el centro","✓ Si tu souhaites vivre au centre","✓ Se vuoi vivere in centro","✓ 中心部に住みたいなら","✓ 중심부에 살고 싶다면","✓ Se você quer viver no centro"
"✓ If you want to live close to the beach","","","✓ si quieres vivir cerca de la playa","","","","",""
"✓ If you want to live close to the school","✓ إذا كنت تريد أن تعيش بالقرب من المدرسة","✓ Wenn du in der Nähe der Schule wohnen möchtest","✓ Si quieres vivir cerca de la escuela","✓ Si tu veux habiter près de l'école","✓ Se vuoi vivere vicino alla scuola","✓ 学校の近くに住みたいなら","","✓ Se você quer morar perto da escola"
"✓ If you want to live in a top notch apartment managed by CEL","","","✓ Si quieres vivir en un apartamento de alto standard gestionado por CEL","","","","",""
"✓ If you want to live independently","✓ إذا كنت ترغب في العيش بشكل مستقل","✓ Wenn du unabhängig leben möchtest","✓ Si quieres vivir de manera independiente","✓ Si tu veux vivre de façon indépendante","✓ Se vuoi vivere in modo indipendente","✓ 自立して生活したいなら","✓ 독립적으로 살고 싶다면","✓ Se você quer viver de forma independente"
"✓ If you want to live independently and make the most of Downtown Vancouver","✓ إذا كنت تريد أن تعيش بشكل مستقل وتستمتع بأقصى استفادة من وسط مدينة فانكوفر","✓ Wenn du unabhängig leben und das Leben in Downtown optimal genießen möchtest","✓ Si quieres vivir de forma independiente y aprovechar al máximo el centro de Vancouver","✓ Si tu veux vivre de façon indépendante et profiter au maximum du centre-ville de Vancouver","✓ Se vuoi vivere in modo indipendente e sfruttare al meglio il centro di Vancouver","✓ 自分らしく暮らし、バンクーバーのダウンタウンを最大限に楽しみたいなら","✓ 독립적으로 생활하며 밴쿠버 다운타운을 최대한 즐기고 싶다면","✓ Se você quer viver de forma independente e aproveitar ao máximo o centro de Vancouver"
"✓ If you want to live with an American family","✓ إذا كنت تريد العيش مع عائلة أمريكية","✓ Wenn Du in einer amerikanischen Gastfamilie leben möchtest","✓ si quieres vivir en una familia americana","✓ Qui souhaitent vivre avec une famille américaine","✓ Chi desidera vivere con una famiglia americana","✓ アメリカの家族と一緒に住みたい学生","✓ 미국 가족과 함께 생활하고 싶은 학생들","✓ Para quem deseja viver com uma família americana"
"✓ If you want to live with an Canadian family","✓ إذا كنت تريد العيش مع عائلة أمريكية","✓ Wenn Du in einer kanadischen Gastfamilie leben möchtest","✓ Si quieres vivir con una familia canadiense","✓ Qui souhaitent vivre avec une famille canadienne","✓ Chi desidera vivere con una famiglia canadese","✓ カナダ人の家族と一緒に住みたい場合は","✓ 캐나다 가족과 함꼐 생활하고 싶은 학생들","✓ Para quem deseja viver com uma família canadense"
"✓ If you want to practice English every day with other students and with native speakers","✓ إذا كنت تريد ممارسة الإنجليزية يوميًا مع طلاب آخرين ومع متحدثين أصليين","✓ Wenn du jeden Tag Englisch mit anderen Schülern und Muttersprachlern sprechen möchtest","✓ Si quieres practicar inglés todos los días con otros estudiantes y con hablantes nativos","✓ Si tu veux pratiquer l'anglais tous les jours avec d'autres étudiants et avec des locuteurs natifs","✓ Se vuoi praticare l'inglese ogni giorno con altri studenti e con madrelingua","✓ 他の学生やネイティブスピーカーと毎日英語を練習したいなら","✓ 다른 학생들과 원어민과 함께 매일 영어를 연습하고 싶다면","✓ Se você quer praticar inglês todos os dias com outros estudantes e com falantes nativos"
"✓ If you want to practice English every daywith native speakers","✓ إذا كنت ترغب في ممارسة اللغة الإنجليزية كل يوم مع الناطقين بها","✓ Wenn Du Dein Englisch mit Muttersprachlern verbessern möchtest?","✓ si quieres practicar inglés cada día con hablantes nativos","✓ Qui veulent pratiquer l'anglais tous les jours avec des locuteurs natifs","✓ Chi vuole esercitarsi con l'inglese ogni giorno con madrelingua","✓ ネイティブスピーカーと毎日英語を練習したい学生","✓ 네이티브 스피커와 매일 영어를 연습하고 싶은 학생들","✓ Para quem quer praticar o inglês todos os dias com nativos"
"✓ If you want to practice your English daily with native speakers","✓ إذا كنت ترغب في ممارسة اللغة الإنجليزية كل يوم مع الناطقين بها","✓ Wenn Du Dein Englisch mit Muttersprachlern verbessern möchtest?","✓ Si quieres practicar inglés cada dia con un hablante nativo","✓ Qui veulent pratiquer l'anglais tous les jours avec des locuteurs natifs","✓ Chi vuole esercitarsi con l'inglese ogni giorno con madrelingua","✓ ネイティブスピーカーと毎日英語を練習したい学生","✓ 네이티브 스피커와 매일 영어를 연습하고 싶은 학생들","✓ Para quem quer praticar o inglês todos os dias com nativos"
"✓ If you want to share an apartment with other students","","","✓ Si quieres compartir un apartamento con otros estudiantes","","","","",""
"✓ Large fully equipped kitchen","","","✓ Cocina totalmente equipada grande","","","","",""
"✓ Large living room to share with other tenants","","","✓ Sala de estar para compartir con otros inquilinos","","","","",""
"✓ Laundry can be done at most homestays","✓ يمكن إجراء الغسيل في معظم أماكن الإقامة مع العائلات","✓ Wäsche kann in den meisten Gastfamilien gewaschen werden","✓ La colada se puede hacer en la mayoría de familias anfitrionas","✓ La lessive peut être effectuée dans la plupart des familles d'accueil","✓ Lavanderia disponibile presso la maggior parte delle famiglie ospitanti","✓ ほとんどのホームステイで洗濯が可能","✓ 대부분의 홈스테이에서 세탁이 가능","✓ É possível lavar roupas na maioria das casas de família"
"✓ Linen are provided","✓ يتم توفير البياضات","✓ Bettwäsche wird bereitgestellt","✓ Se proporciona ropa de cama","✓ Le linge de lit est fourni","✓ La biancheria è fornita","✓ リネンは提供されています","✓ 린넨이 제공됩니다","✓ Roupa de cama fornecida"
"✓ Living Room","✓ غرفة المعيشة","✓ Wohnzimmer","✓ Sala de estar","✓ Salon","✓ Soggiorno","✓ リビングルーム","✓ 거실","✓ Sala de estar"
"✓ Living room, Balcony, TV","✓ غرفة معيشة، شرفة، تلفزيون","✓ Wohnzimmer, Balkon, Fernseher","✓ Sala de estar, balcón y televisión","✓ Salon, balcon, télévision","✓ Soggiorno, balcone, TV","✓ リビング、バルコニー、TV","✓ 거실, 발코니, TV","✓ Sala, varanda e TV"
"✓ Located in Venice","✓ تقع في البندقية","✓ In Venice Beach gelegen","✓ Situado en Venice Beach","✓ Situé à Venice","✓ Situato a Venice","✓ ベニスに位置する","✓ 베니스에 위치","✓ Localizado em Venice"
"✓ Lockers available","","","✓ Taquillas disponibles","","","","",""
"✓ Luxury Hostel Style Accommodation","✓ إقامة فاخرة على طراز نزل","✓ Hostel im Luxusstil","✓ Alojamiento estilo albergue de lujo","✓ Hébergement de style auberge de luxe","✓ Sistemazione in stile ostello di lusso","✓ 豪華なホステルスタイルの予約","✓ 고급 호스텔 스타일 숙소","✓ Acomodação estilo hostel de luxo"
"✓ Managed by CEL","","","✓ Gestionado por CEL","","","","",""
"✓ Maximum distance to CEL: 35 minutes by public transportation","✓ الحد الأقصى لوقت السفر بالمواصلات العامة إلى CEL هو 35 دقيقة","✓ Maximal 35 min mit öffentlichen Verkehrsmitteln zu CEL","✓ El tiempo máximo de traslado de CEL es 35 min en bus","✓ Le temps de trajet maximal en transports en commun jusqu'au CEL est de 35 minutes","✓ Distanza massima dal CEL: 35 minuti con mezzi pubblici","✓ CELまでの最大距離:公共交通機関で35分","✓ CEL까지의 최대 거리: 대중교통으로 35분","✓ Distância máxima para a CEL: 35 minutos de transporte público"
"✓ Maximum distance to CEL: 75 minutes by public transportation","✓ الحد الأقصى لوقت السفر بالمواصلات العامة إلى CEL هو 75 دقيقة","✓ Maximal 75 min mit öffentlichen Verkehrsmitteln zu CEL","✓ Distancia máxima de CEL: 75 minutos en transporte público","✓ Le temps de trajet maximal en transports en commun jusqu'au CEL est de 75 minutes","✓ Distanza massima dal CEL: 75 minuti con mezzi pubblici","✓ CELまでの最大距離:公共交通機関で75分","✓ CEL까지 최대 거리: 대중교통 이용 시 75분","✓ Distância máxima para a CEL: 75 minutos de transporte público"
"✓ Minimum age is 16 years","✓ الحد الأدنى للعمر هو 16 سنة","✓ Ab 16 Jahre","✓ Edad mínima: 16 años","✓ Âge minimum : 16 ans","✓ Età minima: 16 anni","✓ 最少年齢:16歳","✓ 최소 연령: 16세","✓ Idade mínima: 16 anos"
"✓ Minimum age is 17 years","✓ الحد الأدنى للعمر هو 17 سنة","✓ Ab 17 Jahre","✓ Edad mínima: 17 años","✓ Âge minimum : 17 ans","✓ Età minima: 17 anni","✓ 最少年齢:17歳","✓ 최소 연령: 17세","✓ Idade mínima: 17 anos"
"✓ Minimum age is 18 years","✓ الحد الأدنى للعمر هو 18 سنة","✓ Ab 18 Jahren","✓ Edad mínima: 18 años","✓ Âge minimum : 18 ans","✓ Età minima: 18 anni","✓ 最少年齢:18歳","✓ 최소 연령: 18세","✓ Idade mínima: 18 anos"
"✓ Minimum age is 19 years","✓ الحد الأدنى للعمر هو 19 سنة","✓ Ab 19 Jahren","✓ Edad mínima: 19 años","✓ Âge minimum : 19 ans","✓ Età minima: 19 anni","✓ 最少年齢:19歳","✓ 최소 연령: 19세","✓ Idade mínima: 19 anos"
"✓ Minimum duration is 1 week","✓ الحد الأدنى للمدة هو أسبوع واحد","✓ 1 Woche Minimum","✓ Duración mínima: 1 semana","✓ Durée minimale : 1 semaine","✓ Durata minima: 1 settimana","✓ 最短期間:1週間","✓ 최소 기간: 1주","✓ Duração mínima: 1 semana"
"✓ Minimum duration is 1 week (2 weeks during high season)","✓ الحد الأدنى للمدة هو أسبوع واحد","✓ 1 Woche Minimum (2 Wochen in der Hochsaison)","✓ Duración mínima: 1 semana (2 en temporada alta)","✓ Durée minimale : 1 semaine","✓ Durata minima: 1 settimana","✓ 最短期間:1週間","✓ 최소 기간: 1주","✓ Duração mínima: 1 semana"
"✓ Minimum duration is 13 weeks","✓ الحد الأدنى للمدة هو 13 أسابيع","✓ 13 Wochen Minimum","✓ Duración mínima: 13 semanas","✓ Durée minimale : 13 semaines","✓ Durata minima: 13 settimane","✓ 最短期間:13週間","✓ 최소 기간: 13주","✓ Duração mínima: 13 semanas"
"✓ Minimum duration is 2 weeks","✓ الحد الأدنى للمدة هو 2 أسابيع","✓ 2 Wochen Minimum","✓ Duración mínima: 2 semanas","✓ Durée minimale : 2 semaines","✓ Durata minima: 2 settimane","✓ 最短期間:2週間","✓ 최소 기간: 2주","✓ Duração mínima: 2 semanas"
"✓ Minimum duration is 3 weeks","✓ الحد الأدنى للمدة هو 3 أسابيع","✓ 3 Wochen Minimum","✓ Duración mínima: 3 semanas","✓ Durée minimale : 3 semaines","✓ Durata minima: 3 settimane","✓ 最短期間:3週間","✓ 최소 기간: 3주","✓ Duração mínima: 3 semanas"
"✓ Minimum duration is 4 weeks","✓ الحد الأدنى للمدة هو 4 أسابيع","✓ 4 Wochen Minimum","✓ Duración mínima: 4 semanas","✓ Durée minimale : 4 semaines","✓ Durata minima: 4 settimane","✓ 最短期間:4週間","✓ 최소 기간: 4주","✓ Duração mínima: 4 semanas"
"✓ Mixed Gender Apartments","✓ شقق مختلطة بين الجنسين","✓ Apartments ohne Geschlechtertrennung","✓ Apartamentos de género mixto","✓ Appartements mixtes","✓ Appartamenti misti (uomini e donne)","✓ 男女混合で利用のマンション","✓ 혼성 성별 아파트","✓ Apartamentos mistos"
"✓ Mixed gender Student House","","","✓ Student House con género mixto","","","","",""
"✓ Most Families offer free Wi-Fi","✓ توفر معظم العائلات خدمة الواي فاي المجانية","✓ Fast alle Familien bieten kostenloses WLAN","✓ La mayoría de familias ofrecen Wifi gratis","✓ La plupart des familles offrent le Wi-Fi gratuit","✓ La maggior parte delle famiglie offre Wi-Fi gratuito","✓ ほとんどの家族がfree Wi-Fi有り","✓ 대부분의 호스트 가족들은 무료 Wi-Fi를 제공","✓ A maioria das famílias oferece Wi-Fi gratuito"
"✓ No cleaning provided during stay (cleaning equipment is provided)","✓ لا يتم توفير خدمة التنظيف أثناء الإقامة (يتم توفير معدات التنظيف)","✓ Keine Reinigung während des Aufenthalts (Reinigungsutensilien werden bereitgestellt)","✓ No se ofrece limpieza durante la estancia (se proporcionan equipos de limpieza)","✓ Aucun service de ménage n'est fourni pendant le séjour (le matériel de nettoyage est fourni)","✓ Nessuna pulizia fornita durante il soggiorno (vengono forniti gli strumenti per la pulizia)","✓ 滞在中は清掃サービスはありません（清掃用具は提供されています）","✓ 체류 중 청소 서비스는 제공되지 않습니다 (청소 도구는 제공됩니다)","✓ Não há limpeza fornecida durante a estadia (equipamentos de limpeza são fornecidos)"
"✓ No common space besides kitchen","","","","","","","✓ 주방 외 공용 공간 없음",""
"✓ No security deposit required","✓ لا يوجد إيداع ضمان مطلوب","✓ Keine Kaution erforderlich","✓ No se requiere depósito de seguridad","✓ Aucun dépôt de garantie requis","✓ Nessun deposito cauzionale richiesto","✓ 保証金なし","✓ 보증금 없음","✓ Não é necessário depósito de segurança"
"✓ Outdoor Area with BBQ","✓ منطقة خارجية مع مرافق للشواء","✓ Aussenbereich mit Grill","✓ Zona exterior con barbacoa","✓ Espace extérieur avec barbecue","✓ Area esterna con barbecue","✓ バーベキュー可能な野外エリア","✓ 바비큐장이 있는 야외 영역","✓ Área externa com churrasqueira"
"✓ Outdoor patio","","","✓ Patio exterior","","","","",""
"✓ Outdoor pool (Summer only)","✓ مسبح خارجي (فقط في الصيف)","✓ Außenpool (nur im Sommer)","✓ Piscina al aire libre (solo en verano)","✓ Piscine extérieure (été uniquement)","✓ Piscina all'aperto (solo in estate)","✓ 屋外プール（夏季限定）","✓ 야외 수영장 (여름 한정)","✓ Piscina ao ar livre (apenas no verão)"
"✓ Parking ($)","","✓ Parkplatz buchbar gegen Aufpreis","","","","","✓ 주차(유료)",""
"✓ Parking (available upon request $)","","✓ Parkplatz buchbar gegen Aufpreis","✓ Parking (preguntar por disponibilidad $)","","","","",""
"✓ Parking (currently at $150 per month)","✓ مواقف السيارات (حاليًا بسعر 150 دولارًا شهريًا)","✓ Parkplatz buchbar (aktuell 150$ pro Monat)","✓ Parking (actualmente $150 por mes)","✓ Stationnement (actuellement à 150$ par mois)","✓ Parcheggio (attualmente a $150 al mese)","✓ パーキング(現在 月$150)","✓ 주차장 (현재 월 $150)","✓ Estacionamento (atualmente em US$ 150 por mês)"
"✓ Private balcony","✓ شرفة خاصة","✓ Privater Balkon","✓ Balcón privado","✓ Balcon privé","✓ Balcone privato","✓ 専用バルコニー","✓ 전용 발코니","✓ Varanda privativa"
"✓ Private bathroom","✓ حمام خاص لكل غرفة نوم","✓ Eigenes Badezimmer","✓ Baño privado","✓ Salle de bain privée","✓ Bagno privato","✓ 各寝室にプライベートバスルーム付き","✓ 침실당 개인 욕실","✓ Banheiro privativo"
"✓ Private bathroom (Studio)","✓ حمام خاص (استوديو)","✓ Privates Badezimmer (Studio)","✓ Baño privado (estudio)","✓ Salle de bain privée (studio)","✓ Bagno privato (monolocale)","✓ 専用バスルーム（スタジオ）","✓ 개인 욕실 (스튜디오)","✓ Banheiro privativo (estúdio)"
"✓ Private bathroom (for single room only) available at a surcharge","✓ حمام خاص (للغرفة الفردية فقط) متوفر مقابل رسوم إضافية","✓ Eigenes Badezimmer (nur für Einzelzimmer) gegen Aufpreis verfügbar","✓ Baño privado (solo para habitación individual) disponible con un cargo adicional","✓ Salle de bain privée (uniquement pour chambre individuelle) disponible avec un supplément","✓ Bagno privato (solo per camera singola) disponibile con un supplemento","✓ プライベートバスルーム（シングルルームのみ）は追加料金で利用可能です","✓ 개인 욕실(싱글룸 전용) 추가 요금으로 이용 가능","✓ Banheiro privativo (apenas para quarto individual) disponível por uma taxa adicional"
"✓ Private bathroom available at a surcharge ($100/week) - limited availability","✓ يتوفر حمام خاص مقابل تكلفة إضافية (100 دولار في الأسبوع) - توفر محدود","✓ Eigenes Badezimmer buchbar mit Aufpreis ($100/Woche) - begrenzte Verfügbarkeit","✓ Baño privado disponible con cargo extra ($100/semana) disponibilidad limitada","✓ Salle de bain privée disponible moyennant un supplément (100 $ par semaine) - disponibilité limitée","✓ Bagno privato disponibile con un supplemento ($100/settimana) - disponibilità limitata","✓ プライベートバスルーム付きを希望の場合は追加料金($100/週)-数量限定","✓ 개인 욕실은 추가 요금이 발생 ($100/주) - 예약 제한 있음","✓ Banheiro privativo disponível por um custo adicional (US$ 100/semana) - disponibilidade limitada"
"✓ Queen size bed (not available with 2 twin beds)","","","✓ Camas queen size (no disponible en dos camas individuales)","","","","",""
"✓ Refundable security deposit: $300 (credit card recommended)","✓ مبلغ تأمين قابل للاسترداد: 300 دولار (يوصى باستخدام بطاقة الائتمان)","✓ 300 CAD Kaution, Kreditkartenzahlung empfohlen","✓ Depósito de seguridad de $300 reembolsable (tarjeta de crédito recomendada)","✓ Dépôt de garantie remboursable : 300 $","✓ Deposito cauzionale rimborsabile: $300 (si consiglia la carta di credito)","✓ 返金可能な保証金:$300 (クレジットカード推奨)","✓ 보증금: $300 (환불 가능, 신용카드 권장)","✓ Depósito reembolsável: $300"
"✓ Refundable security deposit: $500 (credit card recommended)","✓ مبلغ تأمين قابل للاسترداد: 500 دولار (يوصى باستخدام بطاقة الائتمان)","✓ 500 CAD Kaution, Kreditkartenzahlung empfohlen","✓ Depósito de seguridad de $500 reembolsable (tarjeta de crédito recomendada)","✓ Dépôt de garantie remboursable : 500$","✓ Deposito cauzionale rimborsabile: $500 (si consiglia la carta di credito)","✓ 返金可能な保証金:$500 (クレジットカード推奨)","✓ 보증금: $500 (환불 가능, 신용카드 권장)","✓ Depósito reembolsável: $500"
"✓ Refundable security deposit: $600 (credit card recommended)","✓ مبلغ تأمين قابل للاسترداد: 600 دولار (يوصى باستخدام بطاقة الائتمان)","✓ 600 CAD Kaution, Kreditkartenzahlung empfohlen","✓ Depósito de seguridad de $600 reembolsable (tarjeta de crédito recomendada)","✓ Dépôt de garantie remboursable : 600$","✓ Deposito cauzionale rimborsabile: $600 (si consiglia la carta di credito)","✓ 返金可能な保証金:$600 (クレジットカード推奨)","✓ 보증금: $600 (환불 가능, 신용카드 권장)","✓ Depósito reembolsável: $600"
"✓ Rooftop terrace with BBQ area","✓ تراس على السطح مع منطقة شواء","✓ Dachterrasse mit Grillbereich","✓ Terraza en la azotea con área de barbacoa","✓ Terrasse sur le toit avec espace barbecue","✓ Terrazza sul tetto con area barbecue","✓ 屋上テラスとバーベキューエリア","✓ 루프탑 테라스와 바비큐 공간","✓ Terraço na cobertura com área de churrasqueira"
"✓ Self-catering","✓ الاعتماد على النفس فى تجهيز الوجبات","✓ Ohne Verpflegung","✓ Autoservicio","✓ Sans restauration","","✓ 自炊","✓ 셀프 케이터링","✓ auto atendimento"
"✓ Shared Laundry Facilities ($)","✓ مرافق غسيل الملابس المشتركة ($)","✓ Kostenpflichtige Wäscheräume vorhanden","✓ Servicio de lavandería compartida($)","✓ Installations de blanchisserie partagées (payantes)","✓ Lavanderia in comune a pagamento","✓ 共用の洗濯施設($)","✓ 공용 세탁 시설 ($)","✓ Lavanderia compartilhada ($)"
"✓ Shared bathroom","","✓ Geteiltes Badezimmer","✓ Baño compartido","✓ Salle de bain partagée","✓ Bagno in comune","✓ シェアバスルーム","✓ 공용 욕실","✓ Banheiro compartilhado"
"✓ Shared bathroom (single and twin rooms)","✓ حمام مشترك (للغرف الفردية والمزدوجة)","✓ Gemeinschaftsbad (Einzel- und Zweibettzimmer)","✓ Baño compartido (habitaciones individuales y twin)","✓ Salle de bain partagée (chambres individuelles et jumelles)","✓ Bagno condiviso (camere singole e doppie)","✓ 共用バスルーム（シングルルームおよびツインルーム）","✓ 공용 욕실 (싱글룸 및 트윈룸)","✓ Banheiro compartilhado (quartos individuais e duplos)"
"✓ Si quieres practicar inglés cada dia con un hablante nativo","✓ إذا كنت ترغب في ممارسة اللغة الإنجليزية كل يوم مع الناطقين بها","✓ Wenn Du Dein Englisch mit Muttersprachlern verbessern möchtest?","✓ que quieren practicar inglés cada día con hablantes nativos","✓ Qui veulent pratiquer l'anglais tous les jours avec des locuteurs natifs","✓ Chi vuole esercitarsi con l'inglese ogni giorno con madrelingua","✓ ネイティブスピーカーと毎日英語を練習したい学生","✓ 네이티브 스피커와 매일 영어를 연습하고 싶은 학생들","✓ Para quem quer praticar o inglês todos os dias com nativos"
"✓ Single and double rooms","✓ غرفة فردية و مزدوجة","✓ Einzel- und Doppelzimmer","✓ Habitaciones individuales y dobles","✓ Chambres individuelles et doubles","✓ Stanze singole e doppie","✓ シングルルーム、ダブルルーム","✓ 싱글 및 더블 객실","✓ Quartos individuais e duplos"
"✓ Single and twin rooms","✓ غرف مفردة وتوأم","✓ Einzel- und Zweibettzimmer","✓ Habitaciones individuales y twin","✓ Chambres individuelles et jumelles","✓ Stanze singole e doppie","✓ シングルルーム、ツインルーム","✓ 싱글 및 트윈 객실","✓ Quartos individuais e compartilhados"
"✓ Single rooms","✓ غرفة فردية و مزدوجة","✓ Einzelzimmer","✓ Habitaciones individuales","✓ Chambres individuelles","✓ Stanze singole","✓ シングルルーム","✓ 싱글 객실","✓ Quartos individuais"
"✓ Single, semi-private, twin rooms","✓ غرف فردية، شبه خاصة، مزدوجة","✓ Einzel-, halbprivate und Zweibettzimmer","✓ Habitaciones individuales, semiprivadas y dobles","✓ Chambres individuelles, semi-privées et jumelles","✓ Camere singole, semi-private e doppie","✓ シングルルーム、セミプライベートルーム、ツインルーム","✓ 싱글룸, 세미프라이빗룸, 트윈룸","✓ Quartos individuais, semi-privativos e duplos"
"✓ Single, semi-private, twin rooms and studios","✓ غرف فردية، شبه خاصة، مزدوجة، واستوديوهات","✓ Einzel-, halbprivate, Zweibettzimmer und Studios","✓ Habitaciones individuales, semiprivadas, dobles y estudios","✓ Chambres individuelles, semi-privées, doubles et studios","✓ Camere singole, semi-private, doppie e monolocali","✓ シングルルーム、セミプライベートルーム、ツインルーム、スタジオ","✓ 싱글룸, 세미프라이빗룸, 트윈룸, 스튜디오","✓ Quartos individuais, semiprivativos, duplos e estúdios"
"✓ Single, twin and quad rooms","","✓ Einzel- , Zweibett- und Vierbettzimmer","✓ Habitaciones individuales, twin y cuádruples","","","","✓ 싱글 및 트윈 객실",""
"✓ Small Roof Top Terrace","✓ تراس صغير على السطح","✓ Kleine Dachterrasse","✓ Pequeña terraza en la azotea","✓ Petite terrasse sur le toit","✓ Piccola terrazza sul tetto","✓ 小さい屋上テラス","✓ 작은 옥상 테라스","✓ Pequeno terraço na cobertura"
"✓ Small fitness room","✓ غرفة لياقة بدنية صغيرة","✓ Kleiner Fitnessraum","✓ Gimnasio pequeño","✓ Petite salle de fitness","✓ Piccola sala fitness","✓ 小さなフィットネスルーム","✓ 소형 피트니스 룸","✓ Pequena sala de ginástica"
"✓ Small kitchen with stove and microwave","✓ مطبخ صغير مع موقد وميكروويف","✓ Kleine Küche mit Herd und Mikrowelle","✓ Pequeña cocina con estufa y microondas","✓ Petite cuisine avec cuisinière et micro-ondes","✓ Piccola cucina con fornello e microonde","✓ コンロと電子レンジ付きの小さなキッチン","✓ 작은 주방 (스토브와 전자레인지 포함)","✓ Pequena cozinha com fogão e micro-ondas"
"✓ Small studio (16 square meters)","✓ استوديو صغير (16 متر مربع)","✓ Kleines Studio (16 Quadratmeter)","✓ Pequeño estudio (16 metros cuadrados)","✓ Petit studio (16 mètres carrés)","✓ Piccolo studio (16 metri quadrati)","✓ 小さなスタジオ（16平方メートル）","✓ 작은 스튜디오 (16 제곱미터)","✓ Pequeno estúdio (16 metros quadrados)"
"✓ Students aged 17+","✓ الطلاب الذين تبلغ أعمارهم 17 عامًا فما فوق","✓ Schüler ab 17 Jahren","✓ Estudiantes mayores de 17 años","✓ Étudiants âgés de 17 ans et plus","✓ Studenti di età pari o superiore a 17 anni","✓ 17歳以上の学生","✓ 17세 이상의 학생","✓ Estudantes com 17 anos ou mais"
"✓ Students aged 18+","✓ الطلاب الذين تبلغ أعمارهم 18 عامًا فما فوق","✓ Schüler ab 18 Jahren","✓ Estudiantes mayores de 18 años","✓ Étudiants âgés de 18 ans et plus","✓ Studenti di età pari o superiore a 18 anni","✓ 18歳以上の学生","✓ 18세 이상의 학생","✓ Estudantes com 18 anos ou mais"
"✓ Students aged 19+","✓ الطلاب الذين تبلغ أعمارهم 19 عامًا فما فوق","✓ Schüler ab 19 Jahren","✓ Estudiantes mayores de 19 años","✓ Étudiants âgés de 19 ans et plus","✓ Studenti di età pari o superiore a 19 anni","✓ 19歳以上の学生","✓ 19세 이상의 학생","✓ Estudantes com 19 anos ou mais"
"✓ Studio (max. 2 people)","","","✓ Estudio (máx. 2 personas)","","","","",""
"✓ Study rooms, Lounge, Rooftop terrace","✓ غرف دراسية، صالة، تراس على السطح","✓ Studienräume, Lounge, Dachterrasse","✓ Salas de estudio, salón, terraza en la azotea","✓ Salles d’étude, lounge, terrasse sur le toit","✓ Sale studio, lounge, terrazza panoramica","✓ 勉強部屋、ラウンジ、屋上テラス","✓ 스터디룸, 라운지, 루프탑 테라스","✓ Salas de estudo, lounge, terraço na cobertura"
"✓ Study rooms, TV lounge, Sauna","✓ غرف الدراسة، صالة التلفزيون، ساونا","✓ Studieräume, TV-Lounge, Sauna","✓ Salas de estudio, salón de TV, sauna","✓ Salles d'étude, salon TV, sauna","✓ Sale studio, salotto TV, sauna","✓ 自習室、TVラウンジ、サウナ","✓ 스터디 룸, TV 라운지, 사우나","✓ Salas de estudo, sala de TV, sauna"
"✓ Swimming Pool","✓ حمام السباحة","✓ Pool","✓ Piscina","✓ Piscine","✓ Piscina","✓ プール","✓ 수영장","✓ Piscina"
"✓ Swimming pool, BBQ area, Fitness center, Tennis courts and Beach Volleyball Court","✓ حمام سباحة ومنطقة للشواء ومركز للياقة البدنية وملاعب تنس وملعب للكرة الطائرة الشاطئية","✓ Pool, Grillbereich, Fitnesscenter, Tennisplätze und Beachvolleyballfeld","✓ Piscina, zona de BBQ, gimnasio, tenis y voley","✓ Piscine, espace barbecue, salle de fitness, courts de tennis et terrain de volley-ball de plage","✓ Piscina, area barbecue, centro fitness, campi da tennis e campo da beach volley","✓ プール、バーベキューエリア、フィットネスセンター、テニスコート、ビーチバレーコート","✓ 수영장, 바비큐장, 피트니스 센터, 테니스 코트 및 비치 발리볼 코트","✓ Piscina, churrasqueira, academia, quadras de tênis e quadra de vôlei de praia"
"✓ Towels and linen are provided","✓ البياضات والمناشف المقدمة","✓ Bettwäsche und Handtücher werden gestellt","✓ Ropa de cama y toallas incluidas","✓ Fourniture de draps et de serviettes","✓ Biancheria da letto e asciugamani forniti","✓ 備え付きの寝具とタオル","✓ 침구와 수건이 제공됨","✓ Lençóis e toalhas são fornecidas"
"✓ Twin & quad rooms can be booked by one person - students will be sharing the room with one or more people (same gender)","","✓ Zweibettzimmer mit 2 getrennten Betten und Vierbettzimmer können alleine gebucht werden – ihr teilt euch das Zimmer dann mit Schülern des gleichen Geschlechts","✓ Las habitaciones twin y cuádruples pueden ser reservadas por una persona - los estudiantes compartirán la habitación con uno o más estudiantes (mismo género)","","","","",""
"✓ Twin rooms have two separate beds and can be booked by one person and they will share the room with a 2nd person (same gender)","✓ الغرف التوأم تحتوي على سريرين منفصلين ويمكن حجزها من قبل شخص واحد وسوف يتشارك الغرفة مع شخص ثاني (نفس الجنس)","✓ Zweibettzimmer mit 2 getrennten Betten können alleine gebucht werden – ihr teilt euch das Zimmer dann mit Schülern des gleichen Geschlechts","✓ Las habitaciones twin (dos camas individuales) se pueden reservar por una persona y se compartirán con una segunda persona (mismo género)","✓ Les chambres jumelles ont deux lits séparés et peuvent être réservées par une personne. Ils partageront la chambre avec une deuxième personne (du même sexe).","✓ Le camere doppie possono essere prenotate da una persona che condividerà la stanza con un altro studente (dello stesso sesso)","✓ ツインルームは、一人でも予約可能。その場合は、二人目の学生(同性)と部屋を共有","✓ 트윈 객실은 한명이 예약 가능.트윈 객실을 예약한 학생은 다른 학생(같은 성별)과 객실을 공유","✓ Os quartos compartilhados podem ser reservados por uma pessoa, e ela dividirá o quarto com outra do mesmo gênero"
"✓ Twin rooms have two seperate beds and can be booked by one person and they will share the room with a 2nd person (same gender)","✓ الغرف التوأم تحتوي على سريرين منفصلين ويمكن حجزها من قبل شخص واحد وسوف يتشارك الغرفة مع شخص ثاني (نفس الجنس)","✓ Zweibettzimmer mit 2 getrennten Betten können alleine gebucht werden – ihr teilt euch das Zimmer dann mit Schülern des gleichen Geschlechts","✓ Las habitaciones twin (dos camas individuales) se pueden reservar por una persona y se compartirán con una segunda persona (mismo género)","✓ Les chambres jumelles ont deux lits séparés et peuvent être réservées par une personne. Ils partageront la chambre avec une deuxième personne (du même sexe).","✓ Le camere doppie possono essere prenotate da una persona che condividerà la stanza con un altro studente (dello stesso sesso)","✓ ツインルームは、一人でも予約可能。その場合は、二人目の学生(同性)と部屋を共有","✓ 트윈 객실은 한명이 예약 가능. 트윈 객실을 예약한 학생은 다른 학생(같은 성별)과 객실을 공유","✓ Os quartos compartilhados podem ser reservados por uma pessoa, e ela dividirá o quarto com outra do mesmo gênero"
"✓ Walking distance to grocery store, 3rd Street Promenade, Metroline, Public Library, and more","✓ على مسافة قريبة من متجر البقالة ومنتزه الشارع الثالث وميترولاين والمكتبة العامة والمزيد","✓ Fußläufig zu Supermarkt, 3rd Street Promenade (Fußgängerzone), Strassenbahn, Stadtbücherei und mehr","✓ A distancia andando de la tienda de comestibles, 3rd street Promenade, línea de metro, tranvía, biblioteca y más","✓ À distance de marche de l'épicerie, de la 3rd Street Promenade, de la ligne de métro, de la bibliothèque publique, et plus encore","✓ A pochi passi da negozio di alimentari, 3rd Street Promenade, Metroline, biblioteca pubblica e altro ancora","✓ 徒歩圏内に食料品店、3rd Street Promenade、メトロライン、公共図書館　等","✓ 도보 거리에 위치한 식료품점, 3rd Street Promenade, 메트로라인, 공공 도서관 등","✓ A uma curta distância a pé do supermercado, 3rd Street Promenade, Metroline, Biblioteca pública, e muito mais"
"✓ Washer and dryer in the apartment (free for charge)","","✓ Waschmaschine und Trockner im Apartment (kostenlose Nutzung)","✓ Lavadora y secadora en el apartamento (gratis)","","","","✓ 아파트 내 세탁기 및 건조기(무료)",""
"✓ Yoga room","","","✓ Sala de yoga","","","","",""
